{"type":"FeatureCollection","features":[{"type":"Feature","id":0,"properties":{"revision":0,"category":0,"value":0},"geometry":{"type":"Point","coordinates":[-122.4194,37.7749]}},{"type":"Feature","id":1,"properties":{"revision":0,"category":1,"value":1},"geometry":{"type":"Point","coordinates":[-122.408974,37.774813]}},{"type":"Feature","id":2,"properties":{"revision":0,"category":2,"value":2},"geometry":{"type":"Point","coordinates":[-122.416925,37.778066]}},{"type":"Feature","id":3,"properties":{"revision":0,"category":3,"value":3},"geometry":{"type":"Point","coordinates":[-122.421886,37.777869]}},{"type":"Feature","id":4,"properties":{"revision":0,"category":0,"value":4},"geometry":{"type":"Point","coordinates":[-122.407979,37.774751]}},{"type":"Feature","id":5,"properties":{"revision":0,"category":1,"value":5},"geometry":{"type":"Point","coordinates":[-122.428157,37.769341]}},{"type":"Feature","id":6,"properties":{"revision":0,"category":2,"value":6},"geometry":{"type":"Point","coordinates":[-122.423964,37.77501]}},{"type":"Feature","id":7,"properties":{"revision":0,"category":3,"value":7},"geometry":{"type":"Point","coordinates":[-122.415598,37.767043]}},{"type":"Feature","id":8,"properties":{"revision":0,"category":0,"value":8},"geometry":{"type":"Point","coordinates":[-122.42635,37.766569]}},{"type":"Feature","id":9,"properties":{"revision":0,"category":1,"value":9},"geometry":{"type":"Point","coordinates":[-122.430571,37.77299]}},{"type":"Feature","id":10,"properties":{"revision":0,"category":2,"value":10},"geometry":{"type":"Point","coordinates":[-122.426703,37.778734]}},{"type":"Feature","id":11,"properties":{"revision":0,"category":3,"value":11},"geometry":{"type":"Point","coordinates":[-122.421858,37.780906]}},{"type":"Feature","id":12,"properties":{"revision":0,"category":0,"value":12},"geometry":{"type":"Point","coordinates":[-122.413026,37.7712]}},{"type":"Feature","id":13,"properties":{"revision":0,"category":1,"value":13},"geometry":{"type":"Point","coordinates":[-122.409373,37.781898]}},{"type":"Feature","id":14,"properties":{"revision":0,"category":2,"value":14},"geometry":{"type":"Point","coordinates":[-122.409963,37.784802]}},{"type":"Feature","id":15,"properties":{"revision":0,"category":3,"value":15},"geometry":{"type":"Point","coordinates":[-122.43118,37.769395]}},{"type":"Feature","id":16,"properties":{"revision":0,"category":0,"value":16},"geometry":{"type":"Point","coordinates":[-122.419247,37.766541]}},{"type":"Feature","id":17,"properties":{"revision":0,"category":1,"value":17},"geometry":{"type":"Point","coordinates":[-122.426925,37.780885]}},{"type":"Feature","id":18,"properties":{"revision":0,"category":2,"value":18},"geometry":{"type":"Point","coordinates":[-122.412662,37.777948]}},{"type":"Feature","id":19,"properties":{"revision":0,"category":3,"value":19},"geometry":{"type":"Point","coordinates":[-122.410791,37.783429]}},{"type":"Feature","id":20,"properties":{"revision":0,"category":0,"value":20},"geometry":{"type":"Point","coordinates":[-122.408996,37.777491]}},{"type":"Feature","id":21,"properties":{"revision":0,"category":1,"value":21},"geometry":{"type":"Point","coordinates":[-122.42122,37.770391]}},{"type":"Feature","id":22,"properties":{"revision":0,"category":2,"value":22},"geometry":{"type":"Point","coordinates":[-122.424846,37.779898]}},{"type":"Feature","id":23,"properties":{"revision":0,"category":3,"value":23},"geometry":{"type":"Point","coordinates":[-122.421674,37.765344]}},{"type":"Feature","id":24,"properties":{"revision":0,"category":0,"value":24},"geometry":{"type":"Point","coordinates":[-122.421181,37.776893]}},{"type":"Feature","id":25,"properties":{"revision":0,"category":1,"value":25},"geometry":{"type":"Point","coordinates":[-122.414865,37.783386]}},{"type":"Feature","id":26,"properties":{"revision":0,"category":2,"value":26},"geometry":{"type":"Point","coordinates":[-122.427909,37.771947]}},{"type":"Feature","id":27,"properties":{"revision":0,"category":3,"value":27},"geometry":{"type":"Point","coordinates":[-122.411414,37.783926]}},{"type":"Feature","id":28,"properties":{"revision":0,"category":0,"value":28},"geometry":{"type":"Point","coordinates":[-122.426373,37.767958]}},{"type":"Feature","id":29,"properties":{"revision":0,"category":1,"value":29},"geometry":{"type":"Point","coordinates":[-122.413467,37.772993]}},{"type":"Feature","id":30,"properties":{"revision":0,"category":2,"value":30},"geometry":{"type":"Point","coordinates":[-122.413877,37.777612]}},{"type":"Feature","id":31,"properties":{"revision":0,"category":3,"value":31},"geometry":{"type":"Point","coordinates":[-122.423726,37.774955]}},{"type":"Feature","id":32,"properties":{"revision":0,"category":0,"value":32},"geometry":{"type":"Point","coordinates":[-122.418707,37.784641]}},{"type":"Feature","id":33,"properties":{"revision":0,"category":1,"value":33},"geometry":{"type":"Point","coordinates":[-122.415848,37.767449]}},{"type":"Feature","id":34,"properties":{"revision":0,"category":2,"value":34},"geometry":{"type":"Point","coordinates":[-122.42329,37.781386]}},{"type":"Feature","id":35,"properties":{"revision":0,"category":3,"value":35},"geometry":{"type":"Point","coordinates":[-122.408397,37.770579]}},{"type":"Feature","id":36,"properties":{"revision":0,"category":0,"value":36},"geometry":{"type":"Point","coordinates":[-122.428426,37.779639]}},{"type":"Feature","id":37,"properties":{"revision":0,"category":1,"value":37},"geometry":{"type":"Point","coordinates":[-122.413708,37.765894]}},{"type":"Feature","id":38,"properties":{"revision":0,"category":2,"value":38},"geometry":{"type":"Point","coordinates":[-122.43017,37.783975]}},{"type":"Feature","id":39,"properties":{"revision":0,"category":3,"value":39},"geometry":{"type":"Point","coordinates":[-122.413493,37.776095]}},{"type":"Feature","id":40,"properties":{"revision":0,"category":0,"value":40},"geometry":{"type":"Point","coordinates":[-122.429304,37.781925]}},{"type":"Feature","id":41,"properties":{"revision":0,"category":1,"value":41},"geometry":{"type":"Point","coordinates":[-122.414412,37.768533]}},{"type":"Feature","id":42,"properties":{"revision":0,"category":2,"value":42},"geometry":{"type":"Point","coordinates":[-122.413565,37.780213]}},{"type":"Feature","id":43,"properties":{"revision":0,"category":3,"value":43},"geometry":{"type":"Point","coordinates":[-122.430023,37.770895]}},{"type":"Feature","id":44,"properties":{"revision":0,"category":0,"value":44},"geometry":{"type":"Point","coordinates":[-122.415337,37.772408]}},{"type":"Feature","id":45,"properties":{"revision":0,"category":1,"value":45},"geometry":{"type":"Point","coordinates":[-122.411669,37.784252]}},{"type":"Feature","id":46,"properties":{"revision":0,"category":2,"value":46},"geometry":{"type":"Point","coordinates":[-122.409809,37.771587]}},{"type":"Feature","id":47,"properties":{"revision":0,"category":3,"value":47},"geometry":{"type":"Point","coordinates":[-122.429854,37.768279]}},{"type":"Feature","id":48,"properties":{"revision":0,"category":0,"value":48},"geometry":{"type":"Point","coordinates":[-122.428213,37.773916]}},{"type":"Feature","id":49,"properties":{"revision":0,"category":1,"value":49},"geometry":{"type":"Point","coordinates":[-122.412035,37.772364]}},{"type":"Feature","id":50,"properties":{"revision":0,"category":2,"value":50},"geometry":{"type":"Point","coordinates":[-122.428006,37.768096]}},{"type":"Feature","id":51,"properties":{"revision":0,"category":3,"value":51},"geometry":{"type":"Point","coordinates":[-122.411745,37.768347]}},{"type":"Feature","id":52,"properties":{"revision":0,"category":0,"value":52},"geometry":{"type":"Point","coordinates":[-122.417872,37.774309]}},{"type":"Feature","id":53,"properties":{"revision":0,"category":1,"value":53},"geometry":{"type":"Point","coordinates":[-122.419143,37.779805]}},{"type":"Feature","id":54,"properties":{"revision":0,"category":2,"value":54},"geometry":{"type":"Point","coordinates":[-122.430078,37.77692]}},{"type":"Feature","id":55,"properties":{"revision":0,"category":3,"value":55},"geometry":{"type":"Point","coordinates":[-122.42549,37.775477]}},{"type":"Feature","id":56,"properties":{"revision":0,"category":0,"value":56},"geometry":{"type":"Point","coordinates":[-122.422754,37.771543]}},{"type":"Feature","id":57,"properties":{"revision":0,"category":1,"value":57},"geometry":{"type":"Point","coordinates":[-122.416447,37.769525]}},{"type":"Feature","id":58,"properties":{"revision":0,"category":2,"value":58},"geometry":{"type":"Point","coordinates":[-122.427737,37.772762]}},{"type":"Feature","id":59,"properties":{"revision":0,"category":3,"value":59},"geometry":{"type":"Point","coordinates":[-122.407539,37.765838]}},{"type":"Feature","id":60,"properties":{"revision":0,"category":0,"value":60},"geometry":{"type":"Point","coordinates":[-122.424045,37.769013]}},{"type":"Feature","id":61,"properties":{"revision":0,"category":1,"value":61},"geometry":{"type":"Point","coordinates":[-122.417401,37.766987]}},{"type":"Feature","id":62,"properties":{"revision":0,"category":2,"value":62},"geometry":{"type":"Point","coordinates":[-122.418473,37.778313]}},{"type":"Feature","id":63,"properties":{"revision":0,"category":3,"value":63},"geometry":{"type":"Point","coordinates":[-122.427553,37.771127]}},{"type":"Feature","id":64,"properties":{"revision":0,"category":0,"value":64},"geometry":{"type":"Point","coordinates":[-122.419574,37.781019]}},{"type":"Feature","id":65,"properties":{"revision":0,"category":1,"value":65},"geometry":{"type":"Point","coordinates":[-122.411418,37.783582]}},{"type":"Feature","id":66,"properties":{"revision":0,"category":2,"value":66},"geometry":{"type":"Point","coordinates":[-122.424654,37.78103]}},{"type":"Feature","id":67,"properties":{"revision":0,"category":3,"value":67},"geometry":{"type":"Point","coordinates":[-122.421472,37.772377]}},{"type":"Feature","id":68,"properties":{"revision":0,"category":0,"value":68},"geometry":{"type":"Point","coordinates":[-122.42659,37.768561]}},{"type":"Feature","id":69,"properties":{"revision":0,"category":1,"value":69},"geometry":{"type":"Point","coordinates":[-122.431758,37.778618]}},{"type":"Feature","id":70,"properties":{"revision":0,"category":2,"value":70},"geometry":{"type":"Point","coordinates":[-122.419223,37.777449]}},{"type":"Feature","id":71,"properties":{"revision":0,"category":3,"value":71},"geometry":{"type":"Point","coordinates":[-122.411615,37.774677]}},{"type":"Feature","id":72,"properties":{"revision":0,"category":0,"value":72},"geometry":{"type":"Point","coordinates":[-122.422777,37.765907]}},{"type":"Feature","id":73,"properties":{"revision":0,"category":1,"value":73},"geometry":{"type":"Point","coordinates":[-122.423375,37.779244]}},{"type":"Feature","id":74,"properties":{"revision":0,"category":2,"value":74},"geometry":{"type":"Point","coordinates":[-122.413447,37.77067]}},{"type":"Feature","id":75,"properties":{"revision":0,"category":3,"value":75},"geometry":{"type":"Point","coordinates":[-122.421624,37.7845]}},{"type":"Feature","id":76,"properties":{"revision":0,"category":0,"value":76},"geometry":{"type":"Point","coordinates":[-122.408339,37.771105]}},{"type":"Feature","id":77,"properties":{"revision":0,"category":1,"value":77},"geometry":{"type":"Point","coordinates":[-122.41492,37.774853]}},{"type":"Feature","id":78,"properties":{"revision":0,"category":2,"value":78},"geometry":{"type":"Point","coordinates":[-122.420109,37.770919]}},{"type":"Feature","id":79,"properties":{"revision":0,"category":3,"value":79},"geometry":{"type":"Point","coordinates":[-122.410452,37.776439]}},{"type":"Feature","id":80,"properties":{"revision":0,"category":0,"value":80},"geometry":{"type":"Point","coordinates":[-122.408423,37.784265]}},{"type":"Feature","id":81,"properties":{"revision":0,"category":1,"value":81},"geometry":{"type":"Point","coordinates":[-122.412477,37.770727]}},{"type":"Feature","id":82,"properties":{"revision":0,"category":2,"value":82},"geometry":{"type":"Point","coordinates":[-122.420565,37.775979]}},{"type":"Feature","id":83,"properties":{"revision":0,"category":3,"value":83},"geometry":{"type":"Point","coordinates":[-122.425766,37.775848]}},{"type":"Feature","id":84,"properties":{"revision":0,"category":0,"value":84},"geometry":{"type":"Point","coordinates":[-122.421002,37.783703]}},{"type":"Feature","id":85,"properties":{"revision":0,"category":1,"value":85},"geometry":{"type":"Point","coordinates":[-122.413963,37.782667]}},{"type":"Feature","id":86,"properties":{"revision":0,"category":2,"value":86},"geometry":{"type":"Point","coordinates":[-122.410085,37.782427]}},{"type":"Feature","id":87,"properties":{"revision":0,"category":3,"value":87},"geometry":{"type":"Point","coordinates":[-122.420733,37.784322]}},{"type":"Feature","id":88,"properties":{"revision":0,"category":0,"value":88},"geometry":{"type":"Point","coordinates":[-122.414968,37.766809]}},{"type":"Feature","id":89,"properties":{"revision":0,"category":1,"value":89},"geometry":{"type":"Point","coordinates":[-122.417616,37.773687]}},{"type":"Feature","id":90,"properties":{"revision":0,"category":2,"value":90},"geometry":{"type":"Point","coordinates":[-122.412366,37.771668]}},{"type":"Feature","id":91,"properties":{"revision":0,"category":3,"value":91},"geometry":{"type":"Point","coordinates":[-122.422392,37.772371]}},{"type":"Feature","id":92,"properties":{"revision":0,"category":0,"value":92},"geometry":{"type":"Point","coordinates":[-122.431098,37.767591]}},{"type":"Feature","id":93,"properties":{"revision":0,"category":1,"value":93},"geometry":{"type":"Point","coordinates":[-122.413194,37.780516]}},{"type":"Feature","id":94,"properties":{"revision":0,"category":2,"value":94},"geometry":{"type":"Point","coordinates":[-122.430056,37.770294]}},{"type":"Feature","id":95,"properties":{"revision":0,"category":3,"value":95},"geometry":{"type":"Point","coordinates":[-122.411243,37.771942]}},{"type":"Feature","id":96,"properties":{"revision":0,"category":0,"value":96},"geometry":{"type":"Point","coordinates":[-122.416171,37.772248]}},{"type":"Feature","id":97,"properties":{"revision":0,"category":1,"value":97},"geometry":{"type":"Point","coordinates":[-122.42288,37.776953]}},{"type":"Feature","id":98,"properties":{"revision":0,"category":2,"value":98},"geometry":{"type":"Point","coordinates":[-122.429777,37.772029]}},{"type":"Feature","id":99,"properties":{"revision":0,"category":3,"value":99},"geometry":{"type":"Point","coordinates":[-122.427947,37.770708]}},{"type":"Feature","id":100,"properties":{"revision":0,"category":0,"value":0},"geometry":{"type":"Point","coordinates":[-122.414788,37.774187]}},{"type":"Feature","id":101,"properties":{"revision":0,"category":1,"value":1},"geometry":{"type":"Point","coordinates":[-122.415435,37.777307]}},{"type":"Feature","id":102,"properties":{"revision":0,"category":2,"value":2},"geometry":{"type":"Point","coordinates":[-122.429923,37.773905]}},{"type":"Feature","id":103,"properties":{"revision":0,"category":3,"value":3},"geometry":{"type":"Point","coordinates":[-122.414162,37.770071]}},{"type":"Feature","id":104,"properties":{"revision":0,"category":0,"value":4},"geometry":{"type":"Point","coordinates":[-122.418647,37.773723]}},{"type":"Feature","id":105,"properties":{"revision":0,"category":1,"value":5},"geometry":{"type":"Point","coordinates":[-122.419088,37.767412]}},{"type":"Feature","id":106,"properties":{"revision":0,"category":2,"value":6},"geometry":{"type":"Point","coordinates":[-122.422687,37.780121]}},{"type":"Feature","id":107,"properties":{"revision":0,"category":3,"value":7},"geometry":{"type":"Point","coordinates":[-122.409136,37.773885]}},{"type":"Feature","id":108,"properties":{"revision":0,"category":0,"value":8},"geometry":{"type":"Point","coordinates":[-122.421238,37.772424]}},{"type":"Feature","id":109,"properties":{"revision":0,"category":1,"value":9},"geometry":{"type":"Point","coordinates":[-122.424805,37.768282]}},{"type":"Feature","id":110,"properties":{"revision":0,"category":2,"value":10},"geometry":{"type":"Point","coordinates":[-122.427157,37.77561]}},{"type":"Feature","id":111,"properties":{"revision":0,"category":3,"value":11},"geometry":{"type":"Point","coordinates":[-122.412804,37.781591]}},{"type":"Feature","id":112,"properties":{"revision":0,"category":0,"value":12},"geometry":{"type":"Point","coordinates":[-122.416244,37.770893]}},{"type":"Feature","id":113,"properties":{"revision":0,"category":1,"value":13},"geometry":{"type":"Point","coordinates":[-122.408508,37.773046]}},{"type":"Feature","id":114,"properties":{"revision":0,"category":2,"value":14},"geometry":{"type":"Point","coordinates":[-122.407795,37.767282]}},{"type":"Feature","id":115,"properties":{"revision":0,"category":3,"value":15},"geometry":{"type":"Point","coordinates":[-122.422393,37.770862]}},{"type":"Feature","id":116,"properties":{"revision":0,"category":0,"value":16},"geometry":{"type":"Point","coordinates":[-122.412578,37.770331]}},{"type":"Feature","id":117,"properties":{"revision":0,"category":1,"value":17},"geometry":{"type":"Point","coordinates":[-122.411325,37.771229]}},{"type":"Feature","id":118,"properties":{"revision":0,"category":2,"value":18},"geometry":{"type":"Point","coordinates":[-122.411158,37.784086]}},{"type":"Feature","id":119,"properties":{"revision":0,"category":3,"value":19},"geometry":{"type":"Point","coordinates":[-122.418159,37.772908]}},{"type":"Feature","id":120,"properties":{"revision":0,"category":0,"value":20},"geometry":{"type":"Point","coordinates":[-122.430632,37.781745]}},{"type":"Feature","id":121,"properties":{"revision":0,"category":1,"value":21},"geometry":{"type":"Point","coordinates":[-122.412753,37.766471]}},{"type":"Feature","id":122,"properties":{"revision":0,"category":2,"value":22},"geometry":{"type":"Point","coordinates":[-122.411224,37.773874]}},{"type":"Feature","id":123,"properties":{"revision":0,"category":3,"value":23},"geometry":{"type":"Point","coordinates":[-122.417884,37.772522]}},{"type":"Feature","id":124,"properties":{"revision":0,"category":0,"value":24},"geometry":{"type":"Point","coordinates":[-122.423178,37.780258]}},{"type":"Feature","id":125,"properties":{"revision":0,"category":1,"value":25},"geometry":{"type":"Point","coordinates":[-122.416271,37.784572]}},{"type":"Feature","id":126,"properties":{"revision":0,"category":2,"value":26},"geometry":{"type":"Point","coordinates":[-122.423027,37.771641]}},{"type":"Feature","id":127,"properties":{"revision":0,"category":3,"value":27},"geometry":{"type":"Point","coordinates":[-122.408966,37.766051]}},{"type":"Feature","id":128,"properties":{"revision":0,"category":0,"value":28},"geometry":{"type":"Point","coordinates":[-122.416698,37.783315]}},{"type":"Feature","id":129,"properties":{"revision":0,"category":1,"value":29},"geometry":{"type":"Point","coordinates":[-122.429051,37.776398]}},{"type":"Feature","id":130,"properties":{"revision":0,"category":2,"value":30},"geometry":{"type":"Point","coordinates":[-122.42043,37.775505]}},{"type":"Feature","id":131,"properties":{"revision":0,"category":3,"value":31},"geometry":{"type":"Point","coordinates":[-122.42259,37.768114]}},{"type":"Feature","id":132,"properties":{"revision":0,"category":0,"value":32},"geometry":{"type":"Point","coordinates":[-122.427321,37.769767]}},{"type":"Feature","id":133,"properties":{"revision":0,"category":1,"value":33},"geometry":{"type":"Point","coordinates":[-122.421991,37.777997]}},{"type":"Feature","id":134,"properties":{"revision":0,"category":2,"value":34},"geometry":{"type":"Point","coordinates":[-122.42008,37.781641]}},{"type":"Feature","id":135,"properties":{"revision":0,"category":3,"value":35},"geometry":{"type":"Point","coordinates":[-122.423907,37.776842]}},{"type":"Feature","id":136,"properties":{"revision":0,"category":0,"value":36},"geometry":{"type":"Point","coordinates":[-122.429562,37.766812]}},{"type":"Feature","id":137,"properties":{"revision":0,"category":1,"value":37},"geometry":{"type":"Point","coordinates":[-122.416018,37.771124]}},{"type":"Feature","id":138,"properties":{"revision":0,"category":2,"value":38},"geometry":{"type":"Point","coordinates":[-122.412375,37.777068]}},{"type":"Feature","id":139,"properties":{"revision":0,"category":3,"value":39},"geometry":{"type":"Point","coordinates":[-122.40826,37.76893]}},{"type":"Feature","id":140,"properties":{"revision":0,"category":0,"value":40},"geometry":{"type":"Point","coordinates":[-122.410972,37.784266]}},{"type":"Feature","id":141,"properties":{"revision":0,"category":1,"value":41},"geometry":{"type":"Point","coordinates":[-122.418972,37.776863]}},{"type":"Feature","id":142,"properties":{"revision":0,"category":2,"value":42},"geometry":{"type":"Point","coordinates":[-122.426081,37.783657]}},{"type":"Feature","id":143,"properties":{"revision":0,"category":3,"value":43},"geometry":{"type":"Point","coordinates":[-122.413178,37.778022]}},{"type":"Feature","id":144,"properties":{"revision":0,"category":0,"value":44},"geometry":{"type":"Point","coordinates":[-122.428962,37.776231]}},{"type":"Feature","id":145,"properties":{"revision":0,"category":1,"value":45},"geometry":{"type":"Point","coordinates":[-122.43012,37.779649]}},{"type":"Feature","id":146,"properties":{"revision":0,"category":2,"value":46},"geometry":{"type":"Point","coordinates":[-122.41557,37.776913]}},{"type":"Feature","id":147,"properties":{"revision":0,"category":3,"value":47},"geometry":{"type":"Point","coordinates":[-122.420852,37.768054]}},{"type":"Feature","id":148,"properties":{"revision":0,"category":0,"value":48},"geometry":{"type":"Point","coordinates":[-122.420502,37.76866]}},{"type":"Feature","id":149,"properties":{"revision":0,"category":1,"value":49},"geometry":{"type":"Point","coordinates":[-122.418097,37.773907]}},{"type":"Feature","id":150,"properties":{"revision":0,"category":2,"value":50},"geometry":{"type":"Point","coordinates":[-122.407759,37.781493]}},{"type":"Feature","id":151,"properties":{"revision":0,"category":3,"value":51},"geometry":{"type":"Point","coordinates":[-122.426638,37.778978]}},{"type":"Feature","id":152,"properties":{"revision":0,"category":0,"value":52},"geometry":{"type":"Point","coordinates":[-122.416208,37.779599]}},{"type":"Feature","id":153,"properties":{"revision":0,"category":1,"value":53},"geometry":{"type":"Point","coordinates":[-122.410475,37.779056]}},{"type":"Feature","id":154,"properties":{"revision":0,"category":2,"value":54},"geometry":{"type":"Point","coordinates":[-122.429866,37.779524]}},{"type":"Feature","id":155,"properties":{"revision":0,"category":3,"value":55},"geometry":{"type":"Point","coordinates":[-122.407967,37.777966]}},{"type":"Feature","id":156,"properties":{"revision":0,"category":0,"value":56},"geometry":{"type":"Point","coordinates":[-122.419947,37.781487]}},{"type":"Feature","id":157,"properties":{"revision":0,"category":1,"value":57},"geometry":{"type":"Point","coordinates":[-122.424989,37.776291]}},{"type":"Feature","id":158,"properties":{"revision":0,"category":2,"value":58},"geometry":{"type":"Point","coordinates":[-122.409981,37.76659]}},{"type":"Feature","id":159,"properties":{"revision":0,"category":3,"value":59},"geometry":{"type":"Point","coordinates":[-122.409969,37.774496]}},{"type":"Feature","id":160,"properties":{"revision":0,"category":0,"value":60},"geometry":{"type":"Point","coordinates":[-122.423003,37.775892]}},{"type":"Feature","id":161,"properties":{"revision":0,"category":1,"value":61},"geometry":{"type":"Point","coordinates":[-122.424505,37.782108]}},{"type":"Feature","id":162,"properties":{"revision":0,"category":2,"value":62},"geometry":{"type":"Point","coordinates":[-122.407979,37.773649]}},{"type":"Feature","id":163,"properties":{"revision":0,"category":3,"value":63},"geometry":{"type":"Point","coordinates":[-122.427882,37.777584]}},{"type":"Feature","id":164,"properties":{"revision":0,"category":0,"value":64},"geometry":{"type":"Point","coordinates":[-122.410191,37.7698]}},{"type":"Feature","id":165,"properties":{"revision":0,"category":1,"value":65},"geometry":{"type":"Point","coordinates":[-122.426441,37.776113]}},{"type":"Feature","id":166,"properties":{"revision":0,"category":2,"value":66},"geometry":{"type":"Point","coordinates":[-122.423303,37.780417]}},{"type":"Feature","id":167,"properties":{"revision":0,"category":3,"value":67},"geometry":{"type":"Point","coordinates":[-122.426525,37.774769]}},{"type":"Feature","id":168,"properties":{"revision":0,"category":0,"value":68},"geometry":{"type":"Point","coordinates":[-122.429289,37.770554]}},{"type":"Feature","id":169,"properties":{"revision":0,"category":1,"value":69},"geometry":{"type":"Point","coordinates":[-122.420099,37.777771]}},{"type":"Feature","id":170,"properties":{"revision":0,"category":2,"value":70},"geometry":{"type":"Point","coordinates":[-122.412677,37.782798]}},{"type":"Feature","id":171,"properties":{"revision":0,"category":3,"value":71},"geometry":{"type":"Point","coordinates":[-122.407202,37.783707]}},{"type":"Feature","id":172,"properties":{"revision":0,"category":0,"value":72},"geometry":{"type":"Point","coordinates":[-122.429691,37.765527]}},{"type":"Feature","id":173,"properties":{"revision":0,"category":1,"value":73},"geometry":{"type":"Point","coordinates":[-122.412819,37.769775]}},{"type":"Feature","id":174,"properties":{"revision":0,"category":2,"value":74},"geometry":{"type":"Point","coordinates":[-122.409302,37.780384]}},{"type":"Feature","id":175,"properties":{"revision":0,"category":3,"value":75},"geometry":{"type":"Point","coordinates":[-122.429889,37.774378]}},{"type":"Feature","id":176,"properties":{"revision":0,"category":0,"value":76},"geometry":{"type":"Point","coordinates":[-122.431414,37.778023]}},{"type":"Feature","id":177,"properties":{"revision":0,"category":1,"value":77},"geometry":{"type":"Point","coordinates":[-122.429459,37.784559]}},{"type":"Feature","id":178,"properties":{"revision":0,"category":2,"value":78},"geometry":{"type":"Point","coordinates":[-122.421884,37.78129]}},{"type":"Feature","id":179,"properties":{"revision":0,"category":3,"value":79},"geometry":{"type":"Point","coordinates":[-122.431602,37.780971]}},{"type":"Feature","id":180,"properties":{"revision":0,"category":0,"value":80},"geometry":{"type":"Point","coordinates":[-122.430966,37.776823]}},{"type":"Feature","id":181,"properties":{"revision":0,"category":1,"value":81},"geometry":{"type":"Point","coordinates":[-122.415326,37.776949]}},{"type":"Feature","id":182,"properties":{"revision":0,"category":2,"value":82},"geometry":{"type":"Point","coordinates":[-122.431099,37.775063]}},{"type":"Feature","id":183,"properties":{"revision":0,"category":3,"value":83},"geometry":{"type":"Point","coordinates":[-122.407601,37.782046]}},{"type":"Feature","id":184,"properties":{"revision":0,"category":0,"value":84},"geometry":{"type":"Point","coordinates":[-122.416482,37.770795]}},{"type":"Feature","id":185,"properties":{"revision":0,"category":1,"value":85},"geometry":{"type":"Point","coordinates":[-122.431072,37.766784]}},{"type":"Feature","id":186,"properties":{"revision":0,"category":2,"value":86},"geometry":{"type":"Point","coordinates":[-122.409906,37.773579]}},{"type":"Feature","id":187,"properties":{"revision":0,"category":3,"value":87},"geometry":{"type":"Point","coordinates":[-122.424431,37.772586]}},{"type":"Feature","id":188,"properties":{"revision":0,"category":0,"value":88},"geometry":{"type":"Point","coordinates":[-122.41347,37.765405]}},{"type":"Feature","id":189,"properties":{"revision":0,"category":1,"value":89},"geometry":{"type":"Point","coordinates":[-122.420426,37.781616]}},{"type":"Feature","id":190,"properties":{"revision":0,"category":2,"value":90},"geometry":{"type":"Point","coordinates":[-122.419467,37.776964]}},{"type":"Feature","id":191,"properties":{"revision":0,"category":3,"value":91},"geometry":{"type":"Point","coordinates":[-122.413136,37.766364]}},{"type":"Feature","id":192,"properties":{"revision":0,"category":0,"value":92},"geometry":{"type":"Point","coordinates":[-122.410014,37.764908]}},{"type":"Feature","id":193,"properties":{"revision":0,"category":1,"value":93},"geometry":{"type":"Point","coordinates":[-122.41236,37.778522]}},{"type":"Feature","id":194,"properties":{"revision":0,"category":2,"value":94},"geometry":{"type":"Point","coordinates":[-122.420875,37.770515]}},{"type":"Feature","id":195,"properties":{"revision":0,"category":3,"value":95},"geometry":{"type":"Point","coordinates":[-122.420472,37.776552]}},{"type":"Feature","id":196,"properties":{"revision":0,"category":0,"value":96},"geometry":{"type":"Point","coordinates":[-122.431818,37.773479]}},{"type":"Feature","id":197,"properties":{"revision":0,"category":1,"value":97},"geometry":{"type":"Point","coordinates":[-122.42889,37.778311]}},{"type":"Feature","id":198,"properties":{"revision":0,"category":2,"value":98},"geometry":{"type":"Point","coordinates":[-122.415562,37.766877]}},{"type":"Feature","id":199,"properties":{"revision":0,"category":3,"value":99},"geometry":{"type":"Point","coordinates":[-122.414911,37.770867]}},{"type":"Feature","id":200,"properties":{"revision":0,"category":0,"value":0},"geometry":{"type":"Point","coordinates":[-122.413882,37.778436]}},{"type":"Feature","id":201,"properties":{"revision":0,"category":1,"value":1},"geometry":{"type":"Point","coordinates":[-122.430015,37.783424]}},{"type":"Feature","id":202,"properties":{"revision":0,"category":2,"value":2},"geometry":{"type":"Point","coordinates":[-122.41188,37.783711]}},{"type":"Feature","id":203,"properties":{"revision":0,"category":3,"value":3},"geometry":{"type":"Point","coordinates":[-122.424066,37.768932]}},{"type":"Feature","id":204,"properties":{"revision":0,"category":0,"value":4},"geometry":{"type":"Point","coordinates":[-122.410708,37.768878]}},{"type":"Feature","id":205,"properties":{"revision":0,"category":1,"value":5},"geometry":{"type":"Point","coordinates":[-122.412759,37.78142]}},{"type":"Feature","id":206,"properties":{"revision":0,"category":2,"value":6},"geometry":{"type":"Point","coordinates":[-122.420129,37.783035]}},{"type":"Feature","id":207,"properties":{"revision":0,"category":3,"value":7},"geometry":{"type":"Point","coordinates":[-122.409272,37.768975]}},{"type":"Feature","id":208,"properties":{"revision":0,"category":0,"value":8},"geometry":{"type":"Point","coordinates":[-122.418026,37.770239]}},{"type":"Feature","id":209,"properties":{"revision":0,"category":1,"value":9},"geometry":{"type":"Point","coordinates":[-122.428806,37.775415]}},{"type":"Feature","id":210,"properties":{"revision":0,"category":2,"value":10},"geometry":{"type":"Point","coordinates":[-122.416007,37.781876]}},{"type":"Feature","id":211,"properties":{"revision":0,"category":3,"value":11},"geometry":{"type":"Point","coordinates":[-122.428516,37.771456]}},{"type":"Feature","id":212,"properties":{"revision":0,"category":0,"value":12},"geometry":{"type":"Point","coordinates":[-122.43055,37.767236]}},{"type":"Feature","id":213,"properties":{"revision":0,"category":1,"value":13},"geometry":{"type":"Point","coordinates":[-122.415871,37.77495]}},{"type":"Feature","id":214,"properties":{"revision":0,"category":2,"value":14},"geometry":{"type":"Point","coordinates":[-122.410285,37.771733]}},{"type":"Feature","id":215,"properties":{"revision":0,"category":3,"value":15},"geometry":{"type":"Point","coordinates":[-122.431113,37.773953]}},{"type":"Feature","id":216,"properties":{"revision":0,"category":0,"value":16},"geometry":{"type":"Point","coordinates":[-122.415083,37.766278]}},{"type":"Feature","id":217,"properties":{"revision":0,"category":1,"value":17},"geometry":{"type":"Point","coordinates":[-122.431538,37.779902]}},{"type":"Feature","id":218,"properties":{"revision":0,"category":2,"value":18},"geometry":{"type":"Point","coordinates":[-122.426495,37.765314]}},{"type":"Feature","id":219,"properties":{"revision":0,"category":3,"value":19},"geometry":{"type":"Point","coordinates":[-122.429589,37.779136]}},{"type":"Feature","id":220,"properties":{"revision":0,"category":0,"value":20},"geometry":{"type":"Point","coordinates":[-122.409842,37.77119]}},{"type":"Feature","id":221,"properties":{"revision":0,"category":1,"value":21},"geometry":{"type":"Point","coordinates":[-122.426685,37.769964]}},{"type":"Feature","id":222,"properties":{"revision":0,"category":2,"value":22},"geometry":{"type":"Point","coordinates":[-122.421591,37.780057]}},{"type":"Feature","id":223,"properties":{"revision":0,"category":3,"value":23},"geometry":{"type":"Point","coordinates":[-122.431568,37.770889]}},{"type":"Feature","id":224,"properties":{"revision":0,"category":0,"value":24},"geometry":{"type":"Point","coordinates":[-122.415262,37.780449]}},{"type":"Feature","id":225,"properties":{"revision":0,"category":1,"value":25},"geometry":{"type":"Point","coordinates":[-122.410173,37.766264]}},{"type":"Feature","id":226,"properties":{"revision":0,"category":2,"value":26},"geometry":{"type":"Point","coordinates":[-122.416571,37.777902]}},{"type":"Feature","id":227,"properties":{"revision":0,"category":3,"value":27},"geometry":{"type":"Point","coordinates":[-122.423121,37.770615]}},{"type":"Feature","id":228,"properties":{"revision":0,"category":0,"value":28},"geometry":{"type":"Point","coordinates":[-122.428865,37.779633]}},{"type":"Feature","id":229,"properties":{"revision":0,"category":1,"value":29},"geometry":{"type":"Point","coordinates":[-122.431025,37.775672]}},{"type":"Feature","id":230,"properties":{"revision":0,"category":2,"value":30},"geometry":{"type":"Point","coordinates":[-122.418145,37.776293]}},{"type":"Feature","id":231,"properties":{"revision":0,"category":3,"value":31},"geometry":{"type":"Point","coordinates":[-122.428944,37.779212]}},{"type":"Feature","id":232,"properties":{"revision":0,"category":0,"value":32},"geometry":{"type":"Point","coordinates":[-122.421858,37.777859]}},{"type":"Feature","id":233,"properties":{"revision":0,"category":1,"value":33},"geometry":{"type":"Point","coordinates":[-122.428408,37.783811]}},{"type":"Feature","id":234,"properties":{"revision":0,"category":2,"value":34},"geometry":{"type":"Point","coordinates":[-122.414432,37.772982]}},{"type":"Feature","id":235,"properties":{"revision":0,"category":3,"value":35},"geometry":{"type":"Point","coordinates":[-122.408698,37.765777]}},{"type":"Feature","id":236,"properties":{"revision":0,"category":0,"value":36},"geometry":{"type":"Point","coordinates":[-122.414176,37.773682]}},{"type":"Feature","id":237,"properties":{"revision":0,"category":1,"value":37},"geometry":{"type":"Point","coordinates":[-122.421316,37.766729]}},{"type":"Feature","id":238,"properties":{"revision":0,"category":2,"value":38},"geometry":{"type":"Point","coordinates":[-122.431613,37.770167]}},{"type":"Feature","id":239,"properties":{"revision":0,"category":3,"value":39},"geometry":{"type":"Point","coordinates":[-122.414928,37.772559]}},{"type":"Feature","id":240,"properties":{"revision":0,"category":0,"value":40},"geometry":{"type":"Point","coordinates":[-122.428653,37.772029]}},{"type":"Feature","id":241,"properties":{"revision":0,"category":1,"value":41},"geometry":{"type":"Point","coordinates":[-122.413496,37.769821]}},{"type":"Feature","id":242,"properties":{"revision":0,"category":2,"value":42},"geometry":{"type":"Point","coordinates":[-122.422328,37.77662]}},{"type":"Feature","id":243,"properties":{"revision":0,"category":3,"value":43},"geometry":{"type":"Point","coordinates":[-122.407679,37.767761]}},{"type":"Feature","id":244,"properties":{"revision":0,"category":0,"value":44},"geometry":{"type":"Point","coordinates":[-122.423143,37.764983]}},{"type":"Feature","id":245,"properties":{"revision":0,"category":1,"value":45},"geometry":{"type":"Point","coordinates":[-122.423257,37.766652]}},{"type":"Feature","id":246,"properties":{"revision":0,"category":2,"value":46},"geometry":{"type":"Point","coordinates":[-122.429633,37.769688]}},{"type":"Feature","id":247,"properties":{"revision":0,"category":3,"value":47},"geometry":{"type":"Point","coordinates":[-122.411541,37.782798]}},{"type":"Feature","id":248,"properties":{"revision":0,"category":0,"value":48},"geometry":{"type":"Point","coordinates":[-122.420078,37.76974]}},{"type":"Feature","id":249,"properties":{"revision":0,"category":1,"value":49},"geometry":{"type":"Point","coordinates":[-122.409315,37.771265]}},{"type":"Feature","id":250,"properties":{"revision":0,"category":2,"value":50},"geometry":{"type":"Point","coordinates":[-122.419346,37.779976]}},{"type":"Feature","id":251,"properties":{"revision":0,"category":3,"value":51},"geometry":{"type":"Point","coordinates":[-122.417705,37.771743]}},{"type":"Feature","id":252,"properties":{"revision":0,"category":0,"value":52},"geometry":{"type":"Point","coordinates":[-122.412243,37.773115]}},{"type":"Feature","id":253,"properties":{"revision":0,"category":1,"value":53},"geometry":{"type":"Point","coordinates":[-122.424096,37.768746]}},{"type":"Feature","id":254,"properties":{"revision":0,"category":2,"value":54},"geometry":{"type":"Point","coordinates":[-122.410071,37.779947]}},{"type":"Feature","id":255,"properties":{"revision":0,"category":3,"value":55},"geometry":{"type":"Point","coordinates":[-122.431045,37.776006]}},{"type":"Feature","id":256,"properties":{"revision":0,"category":0,"value":56},"geometry":{"type":"Point","coordinates":[-122.430089,37.768606]}},{"type":"Feature","id":257,"properties":{"revision":0,"category":1,"value":57},"geometry":{"type":"Point","coordinates":[-122.419004,37.771745]}},{"type":"Feature","id":258,"properties":{"revision":0,"category":2,"value":58},"geometry":{"type":"Point","coordinates":[-122.41743,37.775568]}},{"type":"Feature","id":259,"properties":{"revision":0,"category":3,"value":59},"geometry":{"type":"Point","coordinates":[-122.415476,37.775259]}},{"type":"Feature","id":260,"properties":{"revision":0,"category":0,"value":60},"geometry":{"type":"Point","coordinates":[-122.413661,37.779494]}},{"type":"Feature","id":261,"properties":{"revision":0,"category":1,"value":61},"geometry":{"type":"Point","coordinates":[-122.426807,37.772566]}},{"type":"Feature","id":262,"properties":{"revision":0,"category":2,"value":62},"geometry":{"type":"Point","coordinates":[-122.423957,37.779894]}},{"type":"Feature","id":263,"properties":{"revision":0,"category":3,"value":63},"geometry":{"type":"Point","coordinates":[-122.419784,37.777035]}},{"type":"Feature","id":264,"properties":{"revision":0,"category":0,"value":64},"geometry":{"type":"Point","coordinates":[-122.426163,37.768458]}},{"type":"Feature","id":265,"properties":{"revision":0,"category":1,"value":65},"geometry":{"type":"Point","coordinates":[-122.428311,37.777477]}},{"type":"Feature","id":266,"properties":{"revision":0,"category":2,"value":66},"geometry":{"type":"Point","coordinates":[-122.416212,37.765063]}},{"type":"Feature","id":267,"properties":{"revision":0,"category":3,"value":67},"geometry":{"type":"Point","coordinates":[-122.430315,37.779391]}},{"type":"Feature","id":268,"properties":{"revision":0,"category":0,"value":68},"geometry":{"type":"Point","coordinates":[-122.418209,37.777852]}},{"type":"Feature","id":269,"properties":{"revision":0,"category":1,"value":69},"geometry":{"type":"Point","coordinates":[-122.412622,37.76668]}},{"type":"Feature","id":270,"properties":{"revision":0,"category":2,"value":70},"geometry":{"type":"Point","coordinates":[-122.420843,37.771242]}},{"type":"Feature","id":271,"properties":{"revision":0,"category":3,"value":71},"geometry":{"type":"Point","coordinates":[-122.410144,37.7781]}},{"type":"Feature","id":272,"properties":{"revision":0,"category":0,"value":72},"geometry":{"type":"Point","coordinates":[-122.41439,37.784636]}},{"type":"Feature","id":273,"properties":{"revision":0,"category":1,"value":73},"geometry":{"type":"Point","coordinates":[-122.414761,37.772943]}},{"type":"Feature","id":274,"properties":{"revision":0,"category":2,"value":74},"geometry":{"type":"Point","coordinates":[-122.427108,37.770372]}},{"type":"Feature","id":275,"properties":{"revision":0,"category":3,"value":75},"geometry":{"type":"Point","coordinates":[-122.415889,37.78225]}},{"type":"Feature","id":276,"properties":{"revision":0,"category":0,"value":76},"geometry":{"type":"Point","coordinates":[-122.408023,37.780412]}},{"type":"Feature","id":277,"properties":{"revision":0,"category":1,"value":77},"geometry":{"type":"Point","coordinates":[-122.423538,37.770609]}},{"type":"Feature","id":278,"properties":{"revision":0,"category":2,"value":78},"geometry":{"type":"Point","coordinates":[-122.422733,37.76839]}},{"type":"Feature","id":279,"properties":{"revision":0,"category":3,"value":79},"geometry":{"type":"Point","coordinates":[-122.407077,37.779212]}},{"type":"Feature","id":280,"properties":{"revision":0,"category":0,"value":80},"geometry":{"type":"Point","coordinates":[-122.424407,37.774574]}},{"type":"Feature","id":281,"properties":{"revision":0,"category":1,"value":81},"geometry":{"type":"Point","coordinates":[-122.423433,37.772308]}},{"type":"Feature","id":282,"properties":{"revision":0,"category":2,"value":82},"geometry":{"type":"Point","coordinates":[-122.410724,37.781094]}},{"type":"Feature","id":283,"properties":{"revision":0,"category":3,"value":83},"geometry":{"type":"Point","coordinates":[-122.423558,37.775184]}},{"type":"Feature","id":284,"properties":{"revision":0,"category":0,"value":84},"geometry":{"type":"Point","coordinates":[-122.42198,37.775813]}},{"type":"Feature","id":285,"properties":{"revision":0,"category":1,"value":85},"geometry":{"type":"Point","coordinates":[-122.418591,37.766337]}},{"type":"Feature","id":286,"properties":{"revision":0,"category":2,"value":86},"geometry":{"type":"Point","coordinates":[-122.424063,37.781352]}},{"type":"Feature","id":287,"properties":{"revision":0,"category":3,"value":87},"geometry":{"type":"Point","coordinates":[-122.430432,37.780786]}},{"type":"Feature","id":288,"properties":{"revision":0,"category":0,"value":88},"geometry":{"type":"Point","coordinates":[-122.431765,37.776667]}},{"type":"Feature","id":289,"properties":{"revision":0,"category":1,"value":89},"geometry":{"type":"Point","coordinates":[-122.409248,37.780891]}},{"type":"Feature","id":290,"properties":{"revision":0,"category":2,"value":90},"geometry":{"type":"Point","coordinates":[-122.413171,37.775982]}},{"type":"Feature","id":291,"properties":{"revision":0,"category":3,"value":91},"geometry":{"type":"Point","coordinates":[-122.41497,37.770269]}},{"type":"Feature","id":292,"properties":{"revision":0,"category":0,"value":92},"geometry":{"type":"Point","coordinates":[-122.42773,37.776749]}},{"type":"Feature","id":293,"properties":{"revision":0,"category":1,"value":93},"geometry":{"type":"Point","coordinates":[-122.426485,37.771741]}},{"type":"Feature","id":294,"properties":{"revision":0,"category":2,"value":94},"geometry":{"type":"Point","coordinates":[-122.407131,37.771237]}},{"type":"Feature","id":295,"properties":{"revision":0,"category":3,"value":95},"geometry":{"type":"Point","coordinates":[-122.427864,37.781315]}},{"type":"Feature","id":296,"properties":{"revision":0,"category":0,"value":96},"geometry":{"type":"Point","coordinates":[-122.413175,37.784333]}},{"type":"Feature","id":297,"properties":{"revision":0,"category":1,"value":97},"geometry":{"type":"Point","coordinates":[-122.430381,37.7829]}},{"type":"Feature","id":298,"properties":{"revision":0,"category":2,"value":98},"geometry":{"type":"Point","coordinates":[-122.413537,37.769104]}},{"type":"Feature","id":299,"properties":{"revision":0,"category":3,"value":99},"geometry":{"type":"Point","coordinates":[-122.417528,37.773424]}},{"type":"Feature","id":300,"properties":{"revision":0,"category":0,"value":0},"geometry":{"type":"Point","coordinates":[-122.426478,37.765332]}},{"type":"Feature","id":301,"properties":{"revision":0,"category":1,"value":1},"geometry":{"type":"Point","coordinates":[-122.41488,37.784019]}},{"type":"Feature","id":302,"properties":{"revision":0,"category":2,"value":2},"geometry":{"type":"Point","coordinates":[-122.40797,37.774245]}},{"type":"Feature","id":303,"properties":{"revision":0,"category":3,"value":3},"geometry":{"type":"Point","coordinates":[-122.420249,37.777841]}},{"type":"Feature","id":304,"properties":{"revision":0,"category":0,"value":4},"geometry":{"type":"Point","coordinates":[-122.429566,37.765886]}},{"type":"Feature","id":305,"properties":{"revision":0,"category":1,"value":5},"geometry":{"type":"Point","coordinates":[-122.419699,37.769102]}},{"type":"Feature","id":306,"properties":{"revision":0,"category":2,"value":6},"geometry":{"type":"Point","coordinates":[-122.421239,37.780452]}},{"type":"Feature","id":307,"properties":{"revision":0,"category":3,"value":7},"geometry":{"type":"Point","coordinates":[-122.416222,37.779012]}},{"type":"Feature","id":308,"properties":{"revision":0,"category":0,"value":8},"geometry":{"type":"Point","coordinates":[-122.428602,37.784427]}},{"type":"Feature","id":309,"properties":{"revision":0,"category":1,"value":9},"geometry":{"type":"Point","coordinates":[-122.429674,37.779698]}},{"type":"Feature","id":310,"properties":{"revision":0,"category":2,"value":10},"geometry":{"type":"Point","coordinates":[-122.420023,37.772431]}},{"type":"Feature","id":311,"properties":{"revision":0,"category":3,"value":11},"geometry":{"type":"Point","coordinates":[-122.418475,37.780476]}},{"type":"Feature","id":312,"properties":{"revision":0,"category":0,"value":12},"geometry":{"type":"Point","coordinates":[-122.409192,37.774334]}},{"type":"Feature","id":313,"properties":{"revision":0,"category":1,"value":13},"geometry":{"type":"Point","coordinates":[-122.409957,37.77089]}},{"type":"Feature","id":314,"properties":{"revision":0,"category":2,"value":14},"geometry":{"type":"Point","coordinates":[-122.428552,37.784466]}},{"type":"Feature","id":315,"properties":{"revision":0,"category":3,"value":15},"geometry":{"type":"Point","coordinates":[-122.42675,37.780992]}},{"type":"Feature","id":316,"properties":{"revision":0,"category":0,"value":16},"geometry":{"type":"Point","coordinates":[-122.421833,37.770053]}},{"type":"Feature","id":317,"properties":{"revision":0,"category":1,"value":17},"geometry":{"type":"Point","coordinates":[-122.417578,37.780628]}},{"type":"Feature","id":318,"properties":{"revision":0,"category":2,"value":18},"geometry":{"type":"Point","coordinates":[-122.430766,37.770596]}},{"type":"Feature","id":319,"properties":{"revision":0,"category":3,"value":19},"geometry":{"type":"Point","coordinates":[-122.416114,37.770596]}},{"type":"Feature","id":320,"properties":{"revision":0,"category":0,"value":20},"geometry":{"type":"Point","coordinates":[-122.424508,37.781687]}},{"type":"Feature","id":321,"properties":{"revision":0,"category":1,"value":21},"geometry":{"type":"Point","coordinates":[-122.407509,37.775614]}},{"type":"Feature","id":322,"properties":{"revision":0,"category":2,"value":22},"geometry":{"type":"Point","coordinates":[-122.41959,37.772086]}},{"type":"Feature","id":323,"properties":{"revision":0,"category":3,"value":23},"geometry":{"type":"Point","coordinates":[-122.409108,37.768095]}},{"type":"Feature","id":324,"properties":{"revision":0,"category":0,"value":24},"geometry":{"type":"Point","coordinates":[-122.423251,37.776628]}},{"type":"Feature","id":325,"properties":{"revision":0,"category":1,"value":25},"geometry":{"type":"Point","coordinates":[-122.429866,37.778812]}},{"type":"Feature","id":326,"properties":{"revision":0,"category":2,"value":26},"geometry":{"type":"Point","coordinates":[-122.423817,37.765605]}},{"type":"Feature","id":327,"properties":{"revision":0,"category":3,"value":27},"geometry":{"type":"Point","coordinates":[-122.43012,37.775926]}},{"type":"Feature","id":328,"properties":{"revision":0,"category":0,"value":28},"geometry":{"type":"Point","coordinates":[-122.427417,37.775476]}},{"type":"Feature","id":329,"properties":{"revision":0,"category":1,"value":29},"geometry":{"type":"Point","coordinates":[-122.411398,37.771105]}},{"type":"Feature","id":330,"properties":{"revision":0,"category":2,"value":30},"geometry":{"type":"Point","coordinates":[-122.418189,37.779947]}},{"type":"Feature","id":331,"properties":{"revision":0,"category":3,"value":31},"geometry":{"type":"Point","coordinates":[-122.419276,37.779978]}},{"type":"Feature","id":332,"properties":{"revision":0,"category":0,"value":32},"geometry":{"type":"Point","coordinates":[-122.414543,37.778394]}},{"type":"Feature","id":333,"properties":{"revision":0,"category":1,"value":33},"geometry":{"type":"Point","coordinates":[-122.431218,37.784043]}},{"type":"Feature","id":334,"properties":{"revision":0,"category":2,"value":34},"geometry":{"type":"Point","coordinates":[-122.423458,37.77701]}},{"type":"Feature","id":335,"properties":{"revision":0,"category":3,"value":35},"geometry":{"type":"Point","coordinates":[-122.419391,37.767274]}},{"type":"Feature","id":336,"properties":{"revision":0,"category":0,"value":36},"geometry":{"type":"Point","coordinates":[-122.415081,37.782773]}},{"type":"Feature","id":337,"properties":{"revision":0,"category":1,"value":37},"geometry":{"type":"Point","coordinates":[-122.417471,37.766054]}},{"type":"Feature","id":338,"properties":{"revision":0,"category":2,"value":38},"geometry":{"type":"Point","coordinates":[-122.417232,37.781071]}},{"type":"Feature","id":339,"properties":{"revision":0,"category":3,"value":39},"geometry":{"type":"Point","coordinates":[-122.407042,37.776078]}},{"type":"Feature","id":340,"properties":{"revision":0,"category":0,"value":40},"geometry":{"type":"Point","coordinates":[-122.412336,37.779446]}},{"type":"Feature","id":341,"properties":{"revision":0,"category":1,"value":41},"geometry":{"type":"Point","coordinates":[-122.427795,37.782434]}},{"type":"Feature","id":342,"properties":{"revision":0,"category":2,"value":42},"geometry":{"type":"Point","coordinates":[-122.407551,37.769894]}},{"type":"Feature","id":343,"properties":{"revision":0,"category":3,"value":43},"geometry":{"type":"Point","coordinates":[-122.428673,37.774327]}},{"type":"Feature","id":344,"properties":{"revision":0,"category":0,"value":44},"geometry":{"type":"Point","coordinates":[-122.41514,37.771569]}},{"type":"Feature","id":345,"properties":{"revision":0,"category":1,"value":45},"geometry":{"type":"Point","coordinates":[-122.408729,37.77453]}},{"type":"Feature","id":346,"properties":{"revision":0,"category":2,"value":46},"geometry":{"type":"Point","coordinates":[-122.408027,37.76627]}},{"type":"Feature","id":347,"properties":{"revision":0,"category":3,"value":47},"geometry":{"type":"Point","coordinates":[-122.429049,37.77254]}},{"type":"Feature","id":348,"properties":{"revision":0,"category":0,"value":48},"geometry":{"type":"Point","coordinates":[-122.423612,37.772273]}},{"type":"Feature","id":349,"properties":{"revision":0,"category":1,"value":49},"geometry":{"type":"Point","coordinates":[-122.411029,37.770124]}},{"type":"Feature","id":350,"properties":{"revision":0,"category":2,"value":50},"geometry":{"type":"Point","coordinates":[-122.415478,37.773918]}},{"type":"Feature","id":351,"properties":{"revision":0,"category":3,"value":51},"geometry":{"type":"Point","coordinates":[-122.431699,37.766183]}},{"type":"Feature","id":352,"properties":{"revision":0,"category":0,"value":52},"geometry":{"type":"Point","coordinates":[-122.413977,37.777251]}},{"type":"Feature","id":353,"properties":{"revision":0,"category":1,"value":53},"geometry":{"type":"Point","coordinates":[-122.411023,37.776042]}},{"type":"Feature","id":354,"properties":{"revision":0,"category":2,"value":54},"geometry":{"type":"Point","coordinates":[-122.431777,37.775045]}},{"type":"Feature","id":355,"properties":{"revision":0,"category":3,"value":55},"geometry":{"type":"Point","coordinates":[-122.429085,37.779586]}},{"type":"Feature","id":356,"properties":{"revision":0,"category":0,"value":56},"geometry":{"type":"Point","coordinates":[-122.42712,37.770262]}},{"type":"Feature","id":357,"properties":{"revision":0,"category":1,"value":57},"geometry":{"type":"Point","coordinates":[-122.430001,37.767925]}},{"type":"Feature","id":358,"properties":{"revision":0,"category":2,"value":58},"geometry":{"type":"Point","coordinates":[-122.416652,37.775127]}},{"type":"Feature","id":359,"properties":{"revision":0,"category":3,"value":59},"geometry":{"type":"Point","coordinates":[-122.411326,37.777192]}},{"type":"Feature","id":360,"properties":{"revision":0,"category":0,"value":60},"geometry":{"type":"Point","coordinates":[-122.423144,37.783462]}},{"type":"Feature","id":361,"properties":{"revision":0,"category":1,"value":61},"geometry":{"type":"Point","coordinates":[-122.426312,37.775824]}},{"type":"Feature","id":362,"properties":{"revision":0,"category":2,"value":62},"geometry":{"type":"Point","coordinates":[-122.4251,37.783999]}},{"type":"Feature","id":363,"properties":{"revision":0,"category":3,"value":63},"geometry":{"type":"Point","coordinates":[-122.411161,37.76581]}},{"type":"Feature","id":364,"properties":{"revision":0,"category":0,"value":64},"geometry":{"type":"Point","coordinates":[-122.421115,37.773314]}},{"type":"Feature","id":365,"properties":{"revision":0,"category":1,"value":65},"geometry":{"type":"Point","coordinates":[-122.409876,37.779466]}},{"type":"Feature","id":366,"properties":{"revision":0,"category":2,"value":66},"geometry":{"type":"Point","coordinates":[-122.415915,37.783903]}},{"type":"Feature","id":367,"properties":{"revision":0,"category":3,"value":67},"geometry":{"type":"Point","coordinates":[-122.418469,37.779699]}},{"type":"Feature","id":368,"properties":{"revision":0,"category":0,"value":68},"geometry":{"type":"Point","coordinates":[-122.422544,37.783469]}},{"type":"Feature","id":369,"properties":{"revision":0,"category":1,"value":69},"geometry":{"type":"Point","coordinates":[-122.429169,37.770838]}},{"type":"Feature","id":370,"properties":{"revision":0,"category":2,"value":70},"geometry":{"type":"Point","coordinates":[-122.413086,37.766794]}},{"type":"Feature","id":371,"properties":{"revision":0,"category":3,"value":71},"geometry":{"type":"Point","coordinates":[-122.431383,37.770341]}},{"type":"Feature","id":372,"properties":{"revision":0,"category":0,"value":72},"geometry":{"type":"Point","coordinates":[-122.410653,37.772319]}},{"type":"Feature","id":373,"properties":{"revision":0,"category":1,"value":73},"geometry":{"type":"Point","coordinates":[-122.416961,37.778665]}},{"type":"Feature","id":374,"properties":{"revision":0,"category":2,"value":74},"geometry":{"type":"Point","coordinates":[-122.426879,37.779927]}},{"type":"Feature","id":375,"properties":{"revision":0,"category":3,"value":75},"geometry":{"type":"Point","coordinates":[-122.41196,37.770519]}},{"type":"Feature","id":376,"properties":{"revision":0,"category":0,"value":76},"geometry":{"type":"Point","coordinates":[-122.413211,37.774313]}},{"type":"Feature","id":377,"properties":{"revision":0,"category":1,"value":77},"geometry":{"type":"Point","coordinates":[-122.411663,37.769983]}},{"type":"Feature","id":378,"properties":{"revision":0,"category":2,"value":78},"geometry":{"type":"Point","coordinates":[-122.412541,37.781309]}},{"type":"Feature","id":379,"properties":{"revision":0,"category":3,"value":79},"geometry":{"type":"Point","coordinates":[-122.409023,37.774301]}},{"type":"Feature","id":380,"properties":{"revision":0,"category":0,"value":80},"geometry":{"type":"Point","coordinates":[-122.423473,37.771491]}},{"type":"Feature","id":381,"properties":{"revision":0,"category":1,"value":81},"geometry":{"type":"Point","coordinates":[-122.410323,37.784232]}},{"type":"Feature","id":382,"properties":{"revision":0,"category":2,"value":82},"geometry":{"type":"Point","coordinates":[-122.423867,37.776683]}},{"type":"Feature","id":383,"properties":{"revision":0,"category":3,"value":83},"geometry":{"type":"Point","coordinates":[-122.412405,37.770356]}},{"type":"Feature","id":384,"properties":{"revision":0,"category":0,"value":84},"geometry":{"type":"Point","coordinates":[-122.431343,37.771769]}},{"type":"Feature","id":385,"properties":{"revision":0,"category":1,"value":85},"geometry":{"type":"Point","coordinates":[-122.421915,37.767505]}},{"type":"Feature","id":386,"properties":{"revision":0,"category":2,"value":86},"geometry":{"type":"Point","coordinates":[-122.42399,37.768413]}},{"type":"Feature","id":387,"properties":{"revision":0,"category":3,"value":87},"geometry":{"type":"Point","coordinates":[-122.427627,37.771057]}},{"type":"Feature","id":388,"properties":{"revision":0,"category":0,"value":88},"geometry":{"type":"Point","coordinates":[-122.415397,37.77063]}},{"type":"Feature","id":389,"properties":{"revision":0,"category":1,"value":89},"geometry":{"type":"Point","coordinates":[-122.430631,37.765171]}},{"type":"Feature","id":390,"properties":{"revision":0,"category":2,"value":90},"geometry":{"type":"Point","coordinates":[-122.426292,37.766176]}},{"type":"Feature","id":391,"properties":{"revision":0,"category":3,"value":91},"geometry":{"type":"Point","coordinates":[-122.417345,37.765315]}},{"type":"Feature","id":392,"properties":{"revision":0,"category":0,"value":92},"geometry":{"type":"Point","coordinates":[-122.416593,37.782819]}},{"type":"Feature","id":393,"properties":{"revision":0,"category":1,"value":93},"geometry":{"type":"Point","coordinates":[-122.41726,37.76887]}},{"type":"Feature","id":394,"properties":{"revision":0,"category":2,"value":94},"geometry":{"type":"Point","coordinates":[-122.418421,37.782985]}},{"type":"Feature","id":395,"properties":{"revision":0,"category":3,"value":95},"geometry":{"type":"Point","coordinates":[-122.429233,37.769746]}},{"type":"Feature","id":396,"properties":{"revision":0,"category":0,"value":96},"geometry":{"type":"Point","coordinates":[-122.417026,37.779984]}},{"type":"Feature","id":397,"properties":{"revision":0,"category":1,"value":97},"geometry":{"type":"Point","coordinates":[-122.411919,37.766159]}},{"type":"Feature","id":398,"properties":{"revision":0,"category":2,"value":98},"geometry":{"type":"Point","coordinates":[-122.425226,37.784399]}},{"type":"Feature","id":399,"properties":{"revision":0,"category":3,"value":99},"geometry":{"type":"Point","coordinates":[-122.410978,37.780342]}},{"type":"Feature","id":400,"properties":{"revision":0,"category":0,"value":0},"geometry":{"type":"Point","coordinates":[-122.410975,37.778546]}},{"type":"Feature","id":401,"properties":{"revision":0,"category":1,"value":1},"geometry":{"type":"Point","coordinates":[-122.430648,37.775716]}},{"type":"Feature","id":402,"properties":{"revision":0,"category":2,"value":2},"geometry":{"type":"Point","coordinates":[-122.427925,37.769057]}},{"type":"Feature","id":403,"properties":{"revision":0,"category":3,"value":3},"geometry":{"type":"Point","coordinates":[-122.41028,37.767969]}},{"type":"Feature","id":404,"properties":{"revision":0,"category":0,"value":4},"geometry":{"type":"Point","coordinates":[-122.428911,37.772319]}},{"type":"Feature","id":405,"properties":{"revision":0,"category":1,"value":5},"geometry":{"type":"Point","coordinates":[-122.411759,37.768884]}},{"type":"Feature","id":406,"properties":{"revision":0,"category":2,"value":6},"geometry":{"type":"Point","coordinates":[-122.407598,37.770015]}},{"type":"Feature","id":407,"properties":{"revision":0,"category":3,"value":7},"geometry":{"type":"Point","coordinates":[-122.407956,37.782617]}},{"type":"Feature","id":408,"properties":{"revision":0,"category":0,"value":8},"geometry":{"type":"Point","coordinates":[-122.425979,37.780212]}},{"type":"Feature","id":409,"properties":{"revision":0,"category":1,"value":9},"geometry":{"type":"Point","coordinates":[-122.418455,37.767344]}},{"type":"Feature","id":410,"properties":{"revision":0,"category":2,"value":10},"geometry":{"type":"Point","coordinates":[-122.422098,37.772882]}},{"type":"Feature","id":411,"properties":{"revision":0,"category":3,"value":11},"geometry":{"type":"Point","coordinates":[-122.431401,37.783361]}},{"type":"Feature","id":412,"properties":{"revision":0,"category":0,"value":12},"geometry":{"type":"Point","coordinates":[-122.42136,37.765925]}},{"type":"Feature","id":413,"properties":{"revision":0,"category":1,"value":13},"geometry":{"type":"Point","coordinates":[-122.413278,37.782998]}},{"type":"Feature","id":414,"properties":{"revision":0,"category":2,"value":14},"geometry":{"type":"Point","coordinates":[-122.416467,37.771802]}},{"type":"Feature","id":415,"properties":{"revision":0,"category":3,"value":15},"geometry":{"type":"Point","coordinates":[-122.415242,37.765599]}},{"type":"Feature","id":416,"properties":{"revision":0,"category":0,"value":16},"geometry":{"type":"Point","coordinates":[-122.419511,37.772261]}},{"type":"Feature","id":417,"properties":{"revision":0,"category":1,"value":17},"geometry":{"type":"Point","coordinates":[-122.415444,37.772519]}},{"type":"Feature","id":418,"properties":{"revision":0,"category":2,"value":18},"geometry":{"type":"Point","coordinates":[-122.408322,37.784295]}},{"type":"Feature","id":419,"properties":{"revision":0,"category":3,"value":19},"geometry":{"type":"Point","coordinates":[-122.416975,37.781526]}},{"type":"Feature","id":420,"properties":{"revision":0,"category":0,"value":20},"geometry":{"type":"Point","coordinates":[-122.428646,37.776272]}},{"type":"Feature","id":421,"properties":{"revision":0,"category":1,"value":21},"geometry":{"type":"Point","coordinates":[-122.413365,37.766777]}},{"type":"Feature","id":422,"properties":{"revision":0,"category":2,"value":22},"geometry":{"type":"Point","coordinates":[-122.419053,37.767523]}},{"type":"Feature","id":423,"properties":{"revision":0,"category":3,"value":23},"geometry":{"type":"Point","coordinates":[-122.423597,37.78254]}},{"type":"Feature","id":424,"properties":{"revision":0,"category":0,"value":24},"geometry":{"type":"Point","coordinates":[-122.42887,37.765883]}},{"type":"Feature","id":425,"properties":{"revision":0,"category":1,"value":25},"geometry":{"type":"Point","coordinates":[-122.422262,37.778202]}},{"type":"Feature","id":426,"properties":{"revision":0,"category":2,"value":26},"geometry":{"type":"Point","coordinates":[-122.42655,37.770101]}},{"type":"Feature","id":427,"properties":{"revision":0,"category":3,"value":27},"geometry":{"type":"Point","coordinates":[-122.420944,37.770836]}},{"type":"Feature","id":428,"properties":{"revision":0,"category":0,"value":28},"geometry":{"type":"Point","coordinates":[-122.4306,37.772179]}},{"type":"Feature","id":429,"properties":{"revision":0,"category":1,"value":29},"geometry":{"type":"Point","coordinates":[-122.424477,37.774617]}},{"type":"Feature","id":430,"properties":{"revision":0,"category":2,"value":30},"geometry":{"type":"Point","coordinates":[-122.4109,37.77915]}},{"type":"Feature","id":431,"properties":{"revision":0,"category":3,"value":31},"geometry":{"type":"Point","coordinates":[-122.418737,37.780705]}},{"type":"Feature","id":432,"properties":{"revision":0,"category":0,"value":32},"geometry":{"type":"Point","coordinates":[-122.417025,37.782119]}},{"type":"Feature","id":433,"properties":{"revision":0,"category":1,"value":33},"geometry":{"type":"Point","coordinates":[-122.418288,37.782147]}},{"type":"Feature","id":434,"properties":{"revision":0,"category":2,"value":34},"geometry":{"type":"Point","coordinates":[-122.409528,37.776754]}},{"type":"Feature","id":435,"properties":{"revision":0,"category":3,"value":35},"geometry":{"type":"Point","coordinates":[-122.410512,37.780155]}},{"type":"Feature","id":436,"properties":{"revision":0,"category":0,"value":36},"geometry":{"type":"Point","coordinates":[-122.417219,37.783036]}},{"type":"Feature","id":437,"properties":{"revision":0,"category":1,"value":37},"geometry":{"type":"Point","coordinates":[-122.426922,37.777438]}},{"type":"Feature","id":438,"properties":{"revision":0,"category":2,"value":38},"geometry":{"type":"Point","coordinates":[-122.411042,37.766865]}},{"type":"Feature","id":439,"properties":{"revision":0,"category":3,"value":39},"geometry":{"type":"Point","coordinates":[-122.42099,37.768732]}},{"type":"Feature","id":440,"properties":{"revision":0,"category":0,"value":40},"geometry":{"type":"Point","coordinates":[-122.416807,37.780059]}},{"type":"Feature","id":441,"properties":{"revision":0,"category":1,"value":41},"geometry":{"type":"Point","coordinates":[-122.411158,37.780054]}},{"type":"Feature","id":442,"properties":{"revision":0,"category":2,"value":42},"geometry":{"type":"Point","coordinates":[-122.428539,37.779569]}},{"type":"Feature","id":443,"properties":{"revision":0,"category":3,"value":43},"geometry":{"type":"Point","coordinates":[-122.408482,37.784389]}},{"type":"Feature","id":444,"properties":{"revision":0,"category":0,"value":44},"geometry":{"type":"Point","coordinates":[-122.418961,37.778435]}},{"type":"Feature","id":445,"properties":{"revision":0,"category":1,"value":45},"geometry":{"type":"Point","coordinates":[-122.419077,37.768921]}},{"type":"Feature","id":446,"properties":{"revision":0,"category":2,"value":46},"geometry":{"type":"Point","coordinates":[-122.4216,37.775583]}},{"type":"Feature","id":447,"properties":{"revision":0,"category":3,"value":47},"geometry":{"type":"Point","coordinates":[-122.424794,37.778108]}},{"type":"Feature","id":448,"properties":{"revision":0,"category":0,"value":48},"geometry":{"type":"Point","coordinates":[-122.413555,37.773607]}},{"type":"Feature","id":449,"properties":{"revision":0,"category":1,"value":49},"geometry":{"type":"Point","coordinates":[-122.416667,37.771144]}},{"type":"Feature","id":450,"properties":{"revision":0,"category":2,"value":50},"geometry":{"type":"Point","coordinates":[-122.429378,37.784231]}},{"type":"Feature","id":451,"properties":{"revision":0,"category":3,"value":51},"geometry":{"type":"Point","coordinates":[-122.407954,37.775229]}},{"type":"Feature","id":452,"properties":{"revision":0,"category":0,"value":52},"geometry":{"type":"Point","coordinates":[-122.42761,37.768739]}},{"type":"Feature","id":453,"properties":{"revision":0,"category":1,"value":53},"geometry":{"type":"Point","coordinates":[-122.413483,37.774088]}},{"type":"Feature","id":454,"properties":{"revision":0,"category":2,"value":54},"geometry":{"type":"Point","coordinates":[-122.42254,37.778963]}},{"type":"Feature","id":455,"properties":{"revision":0,"category":3,"value":55},"geometry":{"type":"Point","coordinates":[-122.42428,37.781192]}},{"type":"Feature","id":456,"properties":{"revision":0,"category":0,"value":56},"geometry":{"type":"Point","coordinates":[-122.417764,37.774806]}},{"type":"Feature","id":457,"properties":{"revision":0,"category":1,"value":57},"geometry":{"type":"Point","coordinates":[-122.41105,37.771477]}},{"type":"Feature","id":458,"properties":{"revision":0,"category":2,"value":58},"geometry":{"type":"Point","coordinates":[-122.424934,37.770384]}},{"type":"Feature","id":459,"properties":{"revision":0,"category":3,"value":59},"geometry":{"type":"Point","coordinates":[-122.430202,37.778585]}},{"type":"Feature","id":460,"properties":{"revision":0,"category":0,"value":60},"geometry":{"type":"Point","coordinates":[-122.421769,37.774422]}},{"type":"Feature","id":461,"properties":{"revision":0,"category":1,"value":61},"geometry":{"type":"Point","coordinates":[-122.420037,37.774567]}},{"type":"Feature","id":462,"properties":{"revision":0,"category":2,"value":62},"geometry":{"type":"Point","coordinates":[-122.421129,37.782028]}},{"type":"Feature","id":463,"properties":{"revision":0,"category":3,"value":63},"geometry":{"type":"Point","coordinates":[-122.417883,37.774932]}},{"type":"Feature","id":464,"properties":{"revision":0,"category":0,"value":64},"geometry":{"type":"Point","coordinates":[-122.413877,37.784618]}},{"type":"Feature","id":465,"properties":{"revision":0,"category":1,"value":65},"geometry":{"type":"Point","coordinates":[-122.426606,37.784754]}},{"type":"Feature","id":466,"properties":{"revision":0,"category":2,"value":66},"geometry":{"type":"Point","coordinates":[-122.423039,37.783018]}},{"type":"Feature","id":467,"properties":{"revision":0,"category":3,"value":67},"geometry":{"type":"Point","coordinates":[-122.410798,37.782608]}},{"type":"Feature","id":468,"properties":{"revision":0,"category":0,"value":68},"geometry":{"type":"Point","coordinates":[-122.420217,37.772602]}},{"type":"Feature","id":469,"properties":{"revision":0,"category":1,"value":69},"geometry":{"type":"Point","coordinates":[-122.417614,37.784543]}},{"type":"Feature","id":470,"properties":{"revision":0,"category":2,"value":70},"geometry":{"type":"Point","coordinates":[-122.416409,37.773128]}},{"type":"Feature","id":471,"properties":{"revision":0,"category":3,"value":71},"geometry":{"type":"Point","coordinates":[-122.409616,37.781696]}},{"type":"Feature","id":472,"properties":{"revision":0,"category":0,"value":72},"geometry":{"type":"Point","coordinates":[-122.407976,37.783499]}},{"type":"Feature","id":473,"properties":{"revision":0,"category":1,"value":73},"geometry":{"type":"Point","coordinates":[-122.423869,37.768936]}},{"type":"Feature","id":474,"properties":{"revision":0,"category":2,"value":74},"geometry":{"type":"Point","coordinates":[-122.4308,37.774346]}},{"type":"Feature","id":475,"properties":{"revision":0,"category":3,"value":75},"geometry":{"type":"Point","coordinates":[-122.427846,37.783072]}},{"type":"Feature","id":476,"properties":{"revision":0,"category":0,"value":76},"geometry":{"type":"Point","coordinates":[-122.430446,37.772188]}},{"type":"Feature","id":477,"properties":{"revision":0,"category":1,"value":77},"geometry":{"type":"Point","coordinates":[-122.416845,37.781811]}},{"type":"Feature","id":478,"properties":{"revision":0,"category":2,"value":78},"geometry":{"type":"Point","coordinates":[-122.40753,37.776701]}},{"type":"Feature","id":479,"properties":{"revision":0,"category":3,"value":79},"geometry":{"type":"Point","coordinates":[-122.41553,37.770472]}},{"type":"Feature","id":480,"properties":{"revision":0,"category":0,"value":80},"geometry":{"type":"Point","coordinates":[-122.419021,37.770796]}},{"type":"Feature","id":481,"properties":{"revision":0,"category":1,"value":81},"geometry":{"type":"Point","coordinates":[-122.410882,37.768072]}},{"type":"Feature","id":482,"properties":{"revision":0,"category":2,"value":82},"geometry":{"type":"Point","coordinates":[-122.425771,37.77882]}},{"type":"Feature","id":483,"properties":{"revision":0,"category":3,"value":83},"geometry":{"type":"Point","coordinates":[-122.41936,37.783621]}},{"type":"Feature","id":484,"properties":{"revision":0,"category":0,"value":84},"geometry":{"type":"Point","coordinates":[-122.413849,37.775122]}},{"type":"Feature","id":485,"properties":{"revision":0,"category":1,"value":85},"geometry":{"type":"Point","coordinates":[-122.415656,37.784649]}},{"type":"Feature","id":486,"properties":{"revision":0,"category":2,"value":86},"geometry":{"type":"Point","coordinates":[-122.430725,37.77292]}},{"type":"Feature","id":487,"properties":{"revision":0,"category":3,"value":87},"geometry":{"type":"Point","coordinates":[-122.429499,37.777109]}},{"type":"Feature","id":488,"properties":{"revision":0,"category":0,"value":88},"geometry":{"type":"Point","coordinates":[-122.431524,37.773636]}},{"type":"Feature","id":489,"properties":{"revision":0,"category":1,"value":89},"geometry":{"type":"Point","coordinates":[-122.42274,37.779277]}},{"type":"Feature","id":490,"properties":{"revision":0,"category":2,"value":90},"geometry":{"type":"Point","coordinates":[-122.409245,37.765354]}},{"type":"Feature","id":491,"properties":{"revision":0,"category":3,"value":91},"geometry":{"type":"Point","coordinates":[-122.426722,37.772435]}},{"type":"Feature","id":492,"properties":{"revision":0,"category":0,"value":92},"geometry":{"type":"Point","coordinates":[-122.43127,37.784262]}},{"type":"Feature","id":493,"properties":{"revision":0,"category":1,"value":93},"geometry":{"type":"Point","coordinates":[-122.427003,37.778311]}},{"type":"Feature","id":494,"properties":{"revision":0,"category":2,"value":94},"geometry":{"type":"Point","coordinates":[-122.41399,37.77909]}},{"type":"Feature","id":495,"properties":{"revision":0,"category":3,"value":95},"geometry":{"type":"Point","coordinates":[-122.414172,37.777339]}},{"type":"Feature","id":496,"properties":{"revision":0,"category":0,"value":96},"geometry":{"type":"Point","coordinates":[-122.412858,37.769248]}},{"type":"Feature","id":497,"properties":{"revision":0,"category":1,"value":97},"geometry":{"type":"Point","coordinates":[-122.423191,37.769457]}},{"type":"Feature","id":498,"properties":{"revision":0,"category":2,"value":98},"geometry":{"type":"Point","coordinates":[-122.408436,37.767856]}},{"type":"Feature","id":499,"properties":{"revision":0,"category":3,"value":99},"geometry":{"type":"Point","coordinates":[-122.414702,37.778122]}},{"type":"Feature","id":500,"properties":{"revision":0,"category":0,"value":0},"geometry":{"type":"Point","coordinates":[-122.431418,37.784168]}},{"type":"Feature","id":501,"properties":{"revision":0,"category":1,"value":1},"geometry":{"type":"Point","coordinates":[-122.414936,37.772925]}},{"type":"Feature","id":502,"properties":{"revision":0,"category":2,"value":2},"geometry":{"type":"Point","coordinates":[-122.410723,37.768681]}},{"type":"Feature","id":503,"properties":{"revision":0,"category":3,"value":3},"geometry":{"type":"Point","coordinates":[-122.414549,37.777342]}},{"type":"Feature","id":504,"properties":{"revision":0,"category":0,"value":4},"geometry":{"type":"Point","coordinates":[-122.419218,37.770808]}},{"type":"Feature","id":505,"properties":{"revision":0,"category":1,"value":5},"geometry":{"type":"Point","coordinates":[-122.430385,37.773411]}},{"type":"Feature","id":506,"properties":{"revision":0,"category":2,"value":6},"geometry":{"type":"Point","coordinates":[-122.422505,37.77267]}},{"type":"Feature","id":507,"properties":{"revision":0,"category":3,"value":7},"geometry":{"type":"Point","coordinates":[-122.413948,37.766771]}},{"type":"Feature","id":508,"properties":{"revision":0,"category":0,"value":8},"geometry":{"type":"Point","coordinates":[-122.42903,37.783739]}},{"type":"Feature","id":509,"properties":{"revision":0,"category":1,"value":9},"geometry":{"type":"Point","coordinates":[-122.412683,37.77125]}},{"type":"Feature","id":510,"properties":{"revision":0,"category":2,"value":10},"geometry":{"type":"Point","coordinates":[-122.407855,37.778344]}},{"type":"Feature","id":511,"properties":{"revision":0,"category":3,"value":11},"geometry":{"type":"Point","coordinates":[-122.409986,37.772696]}},{"type":"Feature","id":512,"properties":{"revision":0,"category":0,"value":12},"geometry":{"type":"Point","coordinates":[-122.418864,37.771796]}},{"type":"Feature","id":513,"properties":{"revision":0,"category":1,"value":13},"geometry":{"type":"Point","coordinates":[-122.421505,37.76945]}},{"type":"Feature","id":514,"properties":{"revision":0,"category":2,"value":14},"geometry":{"type":"Point","coordinates":[-122.414271,37.766976]}},{"type":"Feature","id":515,"properties":{"revision":0,"category":3,"value":15},"geometry":{"type":"Point","coordinates":[-122.407971,37.769688]}},{"type":"Feature","id":516,"properties":{"revision":0,"category":0,"value":16},"geometry":{"type":"Point","coordinates":[-122.410271,37.777051]}},{"type":"Feature","id":517,"properties":{"revision":0,"category":1,"value":17},"geometry":{"type":"Point","coordinates":[-122.423011,37.764979]}},{"type":"Feature","id":518,"properties":{"revision":0,"category":2,"value":18},"geometry":{"type":"Point","coordinates":[-122.408584,37.766517]}},{"type":"Feature","id":519,"properties":{"revision":0,"category":3,"value":19},"geometry":{"type":"Point","coordinates":[-122.427558,37.775102]}},{"type":"Feature","id":520,"properties":{"revision":0,"category":0,"value":20},"geometry":{"type":"Point","coordinates":[-122.430056,37.767327]}},{"type":"Feature","id":521,"properties":{"revision":0,"category":1,"value":21},"geometry":{"type":"Point","coordinates":[-122.415931,37.783513]}},{"type":"Feature","id":522,"properties":{"revision":0,"category":2,"value":22},"geometry":{"type":"Point","coordinates":[-122.41687,37.770864]}},{"type":"Feature","id":523,"properties":{"revision":0,"category":3,"value":23},"geometry":{"type":"Point","coordinates":[-122.407126,37.774994]}},{"type":"Feature","id":524,"properties":{"revision":0,"category":0,"value":24},"geometry":{"type":"Point","coordinates":[-122.430363,37.770386]}},{"type":"Feature","id":525,"properties":{"revision":0,"category":1,"value":25},"geometry":{"type":"Point","coordinates":[-122.42426,37.772275]}},{"type":"Feature","id":526,"properties":{"revision":0,"category":2,"value":26},"geometry":{"type":"Point","coordinates":[-122.423014,37.775801]}},{"type":"Feature","id":527,"properties":{"revision":0,"category":3,"value":27},"geometry":{"type":"Point","coordinates":[-122.41683,37.76645]}},{"type":"Feature","id":528,"properties":{"revision":0,"category":0,"value":28},"geometry":{"type":"Point","coordinates":[-122.40969,37.772501]}},{"type":"Feature","id":529,"properties":{"revision":0,"category":1,"value":29},"geometry":{"type":"Point","coordinates":[-122.4155,37.775176]}},{"type":"Feature","id":530,"properties":{"revision":0,"category":2,"value":30},"geometry":{"type":"Point","coordinates":[-122.421744,37.779247]}},{"type":"Feature","id":531,"properties":{"revision":0,"category":3,"value":31},"geometry":{"type":"Point","coordinates":[-122.414313,37.779582]}},{"type":"Feature","id":532,"properties":{"revision":0,"category":0,"value":32},"geometry":{"type":"Point","coordinates":[-122.413367,37.776782]}},{"type":"Feature","id":533,"properties":{"revision":0,"category":1,"value":33},"geometry":{"type":"Point","coordinates":[-122.425528,37.771261]}},{"type":"Feature","id":534,"properties":{"revision":0,"category":2,"value":34},"geometry":{"type":"Point","coordinates":[-122.41741,37.766252]}},{"type":"Feature","id":535,"properties":{"revision":0,"category":3,"value":35},"geometry":{"type":"Point","coordinates":[-122.42322,37.767401]}},{"type":"Feature","id":536,"properties":{"revision":0,"category":0,"value":36},"geometry":{"type":"Point","coordinates":[-122.431717,37.767606]}},{"type":"Feature","id":537,"properties":{"revision":0,"category":1,"value":37},"geometry":{"type":"Point","coordinates":[-122.422832,37.766979]}},{"type":"Feature","id":538,"properties":{"revision":0,"category":2,"value":38},"geometry":{"type":"Point","coordinates":[-122.412266,37.775796]}},{"type":"Feature","id":539,"properties":{"revision":0,"category":3,"value":39},"geometry":{"type":"Point","coordinates":[-122.43051,37.774354]}},{"type":"Feature","id":540,"properties":{"revision":0,"category":0,"value":40},"geometry":{"type":"Point","coordinates":[-122.429774,37.782465]}},{"type":"Feature","id":541,"properties":{"revision":0,"category":1,"value":41},"geometry":{"type":"Point","coordinates":[-122.41294,37.77805]}},{"type":"Feature","id":542,"properties":{"revision":0,"category":2,"value":42},"geometry":{"type":"Point","coordinates":[-122.430171,37.769374]}},{"type":"Feature","id":543,"properties":{"revision":0,"category":3,"value":43},"geometry":{"type":"Point","coordinates":[-122.427924,37.767803]}},{"type":"Feature","id":544,"properties":{"revision":0,"category":0,"value":44},"geometry":{"type":"Point","coordinates":[-122.42783,37.776689]}},{"type":"Feature","id":545,"properties":{"revision":0,"category":1,"value":45},"geometry":{"type":"Point","coordinates":[-122.417167,37.774276]}},{"type":"Feature","id":546,"properties":{"revision":0,"category":2,"value":46},"geometry":{"type":"Point","coordinates":[-122.428458,37.77306]}},{"type":"Feature","id":547,"properties":{"revision":0,"category":3,"value":47},"geometry":{"type":"Point","coordinates":[-122.418081,37.778377]}},{"type":"Feature","id":548,"properties":{"revision":0,"category":0,"value":48},"geometry":{"type":"Point","coordinates":[-122.425252,37.775722]}},{"type":"Feature","id":549,"properties":{"revision":0,"category":1,"value":49},"geometry":{"type":"Point","coordinates":[-122.422934,37.774302]}},{"type":"Feature","id":550,"properties":{"revision":0,"category":2,"value":50},"geometry":{"type":"Point","coordinates":[-122.418598,37.778631]}},{"type":"Feature","id":551,"properties":{"revision":0,"category":3,"value":51},"geometry":{"type":"Point","coordinates":[-122.413083,37.777285]}},{"type":"Feature","id":552,"properties":{"revision":0,"category":0,"value":52},"geometry":{"type":"Point","coordinates":[-122.431456,37.76636]}},{"type":"Feature","id":553,"properties":{"revision":0,"category":1,"value":53},"geometry":{"type":"Point","coordinates":[-122.429855,37.767865]}},{"type":"Feature","id":554,"properties":{"revision":0,"category":2,"value":54},"geometry":{"type":"Point","coordinates":[-122.417127,37.768279]}},{"type":"Feature","id":555,"properties":{"revision":0,"category":3,"value":55},"geometry":{"type":"Point","coordinates":[-122.411478,37.772605]}},{"type":"Feature","id":556,"properties":{"revision":0,"category":0,"value":56},"geometry":{"type":"Point","coordinates":[-122.411833,37.774588]}},{"type":"Feature","id":557,"properties":{"revision":0,"category":1,"value":57},"geometry":{"type":"Point","coordinates":[-122.407704,37.769186]}},{"type":"Feature","id":558,"properties":{"revision":0,"category":2,"value":58},"geometry":{"type":"Point","coordinates":[-122.426832,37.773773]}},{"type":"Feature","id":559,"properties":{"revision":0,"category":3,"value":59},"geometry":{"type":"Point","coordinates":[-122.424293,37.771534]}},{"type":"Feature","id":560,"properties":{"revision":0,"category":0,"value":60},"geometry":{"type":"Point","coordinates":[-122.422827,37.765283]}},{"type":"Feature","id":561,"properties":{"revision":0,"category":1,"value":61},"geometry":{"type":"Point","coordinates":[-122.409566,37.772261]}},{"type":"Feature","id":562,"properties":{"revision":0,"category":2,"value":62},"geometry":{"type":"Point","coordinates":[-122.415724,37.774097]}},{"type":"Feature","id":563,"properties":{"revision":0,"category":3,"value":63},"geometry":{"type":"Point","coordinates":[-122.430645,37.777079]}},{"type":"Feature","id":564,"properties":{"revision":0,"category":0,"value":64},"geometry":{"type":"Point","coordinates":[-122.425326,37.779166]}},{"type":"Feature","id":565,"properties":{"revision":0,"category":1,"value":65},"geometry":{"type":"Point","coordinates":[-122.416694,37.779687]}},{"type":"Feature","id":566,"properties":{"revision":0,"category":2,"value":66},"geometry":{"type":"Point","coordinates":[-122.412045,37.770812]}},{"type":"Feature","id":567,"properties":{"revision":0,"category":3,"value":67},"geometry":{"type":"Point","coordinates":[-122.413577,37.783329]}},{"type":"Feature","id":568,"properties":{"revision":0,"category":0,"value":68},"geometry":{"type":"Point","coordinates":[-122.41712,37.772531]}},{"type":"Feature","id":569,"properties":{"revision":0,"category":1,"value":69},"geometry":{"type":"Point","coordinates":[-122.431129,37.770904]}},{"type":"Feature","id":570,"properties":{"revision":0,"category":2,"value":70},"geometry":{"type":"Point","coordinates":[-122.419706,37.766678]}},{"type":"Feature","id":571,"properties":{"revision":0,"category":3,"value":71},"geometry":{"type":"Point","coordinates":[-122.423126,37.784172]}},{"type":"Feature","id":572,"properties":{"revision":0,"category":0,"value":72},"geometry":{"type":"Point","coordinates":[-122.410114,37.775771]}},{"type":"Feature","id":573,"properties":{"revision":0,"category":1,"value":73},"geometry":{"type":"Point","coordinates":[-122.412637,37.771678]}},{"type":"Feature","id":574,"properties":{"revision":0,"category":2,"value":74},"geometry":{"type":"Point","coordinates":[-122.411686,37.780037]}},{"type":"Feature","id":575,"properties":{"revision":0,"category":3,"value":75},"geometry":{"type":"Point","coordinates":[-122.424633,37.769212]}},{"type":"Feature","id":576,"properties":{"revision":0,"category":0,"value":76},"geometry":{"type":"Point","coordinates":[-122.431658,37.778156]}},{"type":"Feature","id":577,"properties":{"revision":0,"category":1,"value":77},"geometry":{"type":"Point","coordinates":[-122.424123,37.774909]}},{"type":"Feature","id":578,"properties":{"revision":0,"category":2,"value":78},"geometry":{"type":"Point","coordinates":[-122.417493,37.775757]}},{"type":"Feature","id":579,"properties":{"revision":0,"category":3,"value":79},"geometry":{"type":"Point","coordinates":[-122.408771,37.775462]}},{"type":"Feature","id":580,"properties":{"revision":0,"category":0,"value":80},"geometry":{"type":"Point","coordinates":[-122.413775,37.770089]}},{"type":"Feature","id":581,"properties":{"revision":0,"category":1,"value":81},"geometry":{"type":"Point","coordinates":[-122.407542,37.780769]}},{"type":"Feature","id":582,"properties":{"revision":0,"category":2,"value":82},"geometry":{"type":"Point","coordinates":[-122.412206,37.771636]}},{"type":"Feature","id":583,"properties":{"revision":0,"category":3,"value":83},"geometry":{"type":"Point","coordinates":[-122.42459,37.775743]}},{"type":"Feature","id":584,"properties":{"revision":0,"category":0,"value":84},"geometry":{"type":"Point","coordinates":[-122.410823,37.775046]}},{"type":"Feature","id":585,"properties":{"revision":0,"category":1,"value":85},"geometry":{"type":"Point","coordinates":[-122.422677,37.768963]}},{"type":"Feature","id":586,"properties":{"revision":0,"category":2,"value":86},"geometry":{"type":"Point","coordinates":[-122.42306,37.770389]}},{"type":"Feature","id":587,"properties":{"revision":0,"category":3,"value":87},"geometry":{"type":"Point","coordinates":[-122.427314,37.769051]}},{"type":"Feature","id":588,"properties":{"revision":0,"category":0,"value":88},"geometry":{"type":"Point","coordinates":[-122.424171,37.767398]}},{"type":"Feature","id":589,"properties":{"revision":0,"category":1,"value":89},"geometry":{"type":"Point","coordinates":[-122.420262,37.768123]}},{"type":"Feature","id":590,"properties":{"revision":0,"category":2,"value":90},"geometry":{"type":"Point","coordinates":[-122.422878,37.776225]}},{"type":"Feature","id":591,"properties":{"revision":0,"category":3,"value":91},"geometry":{"type":"Point","coordinates":[-122.417979,37.769549]}},{"type":"Feature","id":592,"properties":{"revision":0,"category":0,"value":92},"geometry":{"type":"Point","coordinates":[-122.422032,37.78435]}},{"type":"Feature","id":593,"properties":{"revision":0,"category":1,"value":93},"geometry":{"type":"Point","coordinates":[-122.428586,37.776882]}},{"type":"Feature","id":594,"properties":{"revision":0,"category":2,"value":94},"geometry":{"type":"Point","coordinates":[-122.418174,37.777043]}},{"type":"Feature","id":595,"properties":{"revision":0,"category":3,"value":95},"geometry":{"type":"Point","coordinates":[-122.421624,37.776213]}},{"type":"Feature","id":596,"properties":{"revision":0,"category":0,"value":96},"geometry":{"type":"Point","coordinates":[-122.422864,37.78054]}},{"type":"Feature","id":597,"properties":{"revision":0,"category":1,"value":97},"geometry":{"type":"Point","coordinates":[-122.422861,37.782849]}},{"type":"Feature","id":598,"properties":{"revision":0,"category":2,"value":98},"geometry":{"type":"Point","coordinates":[-122.419826,37.776633]}},{"type":"Feature","id":599,"properties":{"revision":0,"category":3,"value":99},"geometry":{"type":"Point","coordinates":[-122.406917,37.769365]}},{"type":"Feature","id":600,"properties":{"revision":0,"category":0,"value":0},"geometry":{"type":"Point","coordinates":[-122.414341,37.774702]}},{"type":"Feature","id":601,"properties":{"revision":0,"category":1,"value":1},"geometry":{"type":"Point","coordinates":[-122.41571,37.767538]}},{"type":"Feature","id":602,"properties":{"revision":0,"category":2,"value":2},"geometry":{"type":"Point","coordinates":[-122.427102,37.773819]}},{"type":"Feature","id":603,"properties":{"revision":0,"category":3,"value":3},"geometry":{"type":"Point","coordinates":[-122.413075,37.766117]}},{"type":"Feature","id":604,"properties":{"revision":0,"category":0,"value":4},"geometry":{"type":"Point","coordinates":[-122.408463,37.765658]}},{"type":"Feature","id":605,"properties":{"revision":0,"category":1,"value":5},"geometry":{"type":"Point","coordinates":[-122.425349,37.783328]}},{"type":"Feature","id":606,"properties":{"revision":0,"category":2,"value":6},"geometry":{"type":"Point","coordinates":[-122.426114,37.773446]}},{"type":"Feature","id":607,"properties":{"revision":0,"category":3,"value":7},"geometry":{"type":"Point","coordinates":[-122.418269,37.766301]}},{"type":"Feature","id":608,"properties":{"revision":0,"category":0,"value":8},"geometry":{"type":"Point","coordinates":[-122.426226,37.768872]}},{"type":"Feature","id":609,"properties":{"revision":0,"category":1,"value":9},"geometry":{"type":"Point","coordinates":[-122.431051,37.768796]}},{"type":"Feature","id":610,"properties":{"revision":0,"category":2,"value":10},"geometry":{"type":"Point","coordinates":[-122.409436,37.784069]}},{"type":"Feature","id":611,"properties":{"revision":0,"category":3,"value":11},"geometry":{"type":"Point","coordinates":[-122.41308,37.777014]}},{"type":"Feature","id":612,"properties":{"revision":0,"category":0,"value":12},"geometry":{"type":"Point","coordinates":[-122.428602,37.765697]}},{"type":"Feature","id":613,"properties":{"revision":0,"category":1,"value":13},"geometry":{"type":"Point","coordinates":[-122.428614,37.766897]}},{"type":"Feature","id":614,"properties":{"revision":0,"category":2,"value":14},"geometry":{"type":"Point","coordinates":[-122.43156,37.766576]}},{"type":"Feature","id":615,"properties":{"revision":0,"category":3,"value":15},"geometry":{"type":"Point","coordinates":[-122.411446,37.779273]}},{"type":"Feature","id":616,"properties":{"revision":0,"category":0,"value":16},"geometry":{"type":"Point","coordinates":[-122.409489,37.783781]}},{"type":"Feature","id":617,"properties":{"revision":0,"category":1,"value":17},"geometry":{"type":"Point","coordinates":[-122.419237,37.775897]}},{"type":"Feature","id":618,"properties":{"revision":0,"category":2,"value":18},"geometry":{"type":"Point","coordinates":[-122.426557,37.77951]}},{"type":"Feature","id":619,"properties":{"revision":0,"category":3,"value":19},"geometry":{"type":"Point","coordinates":[-122.412699,37.783992]}},{"type":"Feature","id":620,"properties":{"revision":0,"category":0,"value":20},"geometry":{"type":"Point","coordinates":[-122.429135,37.76707]}},{"type":"Feature","id":621,"properties":{"revision":0,"category":1,"value":21},"geometry":{"type":"Point","coordinates":[-122.408079,37.771621]}},{"type":"Feature","id":622,"properties":{"revision":0,"category":2,"value":22},"geometry":{"type":"Point","coordinates":[-122.408854,37.77445]}},{"type":"Feature","id":623,"properties":{"revision":0,"category":3,"value":23},"geometry":{"type":"Point","coordinates":[-122.417196,37.765927]}},{"type":"Feature","id":624,"properties":{"revision":0,"category":0,"value":24},"geometry":{"type":"Point","coordinates":[-122.425297,37.777894]}},{"type":"Feature","id":625,"properties":{"revision":0,"category":1,"value":25},"geometry":{"type":"Point","coordinates":[-122.424675,37.777138]}},{"type":"Feature","id":626,"properties":{"revision":0,"category":2,"value":26},"geometry":{"type":"Point","coordinates":[-122.417677,37.774709]}},{"type":"Feature","id":627,"properties":{"revision":0,"category":3,"value":27},"geometry":{"type":"Point","coordinates":[-122.41764,37.768072]}},{"type":"Feature","id":628,"properties":{"revision":0,"category":0,"value":28},"geometry":{"type":"Point","coordinates":[-122.418406,37.77793]}},{"type":"Feature","id":629,"properties":{"revision":0,"category":1,"value":29},"geometry":{"type":"Point","coordinates":[-122.431486,37.784866]}},{"type":"Feature","id":630,"properties":{"revision":0,"category":2,"value":30},"geometry":{"type":"Point","coordinates":[-122.419302,37.770203]}},{"type":"Feature","id":631,"properties":{"revision":0,"category":3,"value":31},"geometry":{"type":"Point","coordinates":[-122.427907,37.772794]}},{"type":"Feature","id":632,"properties":{"revision":0,"category":0,"value":32},"geometry":{"type":"Point","coordinates":[-122.422931,37.781036]}},{"type":"Feature","id":633,"properties":{"revision":0,"category":1,"value":33},"geometry":{"type":"Point","coordinates":[-122.420874,37.782269]}},{"type":"Feature","id":634,"properties":{"revision":0,"category":2,"value":34},"geometry":{"type":"Point","coordinates":[-122.41083,37.783049]}},{"type":"Feature","id":635,"properties":{"revision":0,"category":3,"value":35},"geometry":{"type":"Point","coordinates":[-122.423605,37.767618]}},{"type":"Feature","id":636,"properties":{"revision":0,"category":0,"value":36},"geometry":{"type":"Point","coordinates":[-122.40892,37.778919]}},{"type":"Feature","id":637,"properties":{"revision":0,"category":1,"value":37},"geometry":{"type":"Point","coordinates":[-122.417936,37.769984]}},{"type":"Feature","id":638,"properties":{"revision":0,"category":2,"value":38},"geometry":{"type":"Point","coordinates":[-122.414345,37.769531]}},{"type":"Feature","id":639,"properties":{"revision":0,"category":3,"value":39},"geometry":{"type":"Point","coordinates":[-122.424798,37.770533]}},{"type":"Feature","id":640,"properties":{"revision":0,"category":0,"value":40},"geometry":{"type":"Point","coordinates":[-122.429091,37.783157]}},{"type":"Feature","id":641,"properties":{"revision":0,"category":1,"value":41},"geometry":{"type":"Point","coordinates":[-122.413048,37.774318]}},{"type":"Feature","id":642,"properties":{"revision":0,"category":2,"value":42},"geometry":{"type":"Point","coordinates":[-122.42228,37.774455]}},{"type":"Feature","id":643,"properties":{"revision":0,"category":3,"value":43},"geometry":{"type":"Point","coordinates":[-122.42573,37.783924]}},{"type":"Feature","id":644,"properties":{"revision":0,"category":0,"value":44},"geometry":{"type":"Point","coordinates":[-122.419637,37.769778]}},{"type":"Feature","id":645,"properties":{"revision":0,"category":1,"value":45},"geometry":{"type":"Point","coordinates":[-122.414944,37.777442]}},{"type":"Feature","id":646,"properties":{"revision":0,"category":2,"value":46},"geometry":{"type":"Point","coordinates":[-122.417725,37.784794]}},{"type":"Feature","id":647,"properties":{"revision":0,"category":3,"value":47},"geometry":{"type":"Point","coordinates":[-122.429817,37.765294]}},{"type":"Feature","id":648,"properties":{"revision":0,"category":0,"value":48},"geometry":{"type":"Point","coordinates":[-122.409363,37.771532]}},{"type":"Feature","id":649,"properties":{"revision":0,"category":1,"value":49},"geometry":{"type":"Point","coordinates":[-122.421424,37.777281]}},{"type":"Feature","id":650,"properties":{"revision":0,"category":2,"value":50},"geometry":{"type":"Point","coordinates":[-122.412856,37.769764]}},{"type":"Feature","id":651,"properties":{"revision":0,"category":3,"value":51},"geometry":{"type":"Point","coordinates":[-122.412715,37.777302]}},{"type":"Feature","id":652,"properties":{"revision":0,"category":0,"value":52},"geometry":{"type":"Point","coordinates":[-122.410889,37.782089]}},{"type":"Feature","id":653,"properties":{"revision":0,"category":1,"value":53},"geometry":{"type":"Point","coordinates":[-122.41354,37.775799]}},{"type":"Feature","id":654,"properties":{"revision":0,"category":2,"value":54},"geometry":{"type":"Point","coordinates":[-122.426522,37.780386]}},{"type":"Feature","id":655,"properties":{"revision":0,"category":3,"value":55},"geometry":{"type":"Point","coordinates":[-122.411284,37.780894]}},{"type":"Feature","id":656,"properties":{"revision":0,"category":0,"value":56},"geometry":{"type":"Point","coordinates":[-122.413433,37.783466]}},{"type":"Feature","id":657,"properties":{"revision":0,"category":1,"value":57},"geometry":{"type":"Point","coordinates":[-122.428951,37.780005]}},{"type":"Feature","id":658,"properties":{"revision":0,"category":2,"value":58},"geometry":{"type":"Point","coordinates":[-122.419973,37.7667]}},{"type":"Feature","id":659,"properties":{"revision":0,"category":3,"value":59},"geometry":{"type":"Point","coordinates":[-122.42329,37.765627]}},{"type":"Feature","id":660,"properties":{"revision":0,"category":0,"value":60},"geometry":{"type":"Point","coordinates":[-122.431664,37.76537]}},{"type":"Feature","id":661,"properties":{"revision":0,"category":1,"value":61},"geometry":{"type":"Point","coordinates":[-122.419601,37.772126]}},{"type":"Feature","id":662,"properties":{"revision":0,"category":2,"value":62},"geometry":{"type":"Point","coordinates":[-122.413493,37.77922]}},{"type":"Feature","id":663,"properties":{"revision":0,"category":3,"value":63},"geometry":{"type":"Point","coordinates":[-122.426644,37.778111]}},{"type":"Feature","id":664,"properties":{"revision":0,"category":0,"value":64},"geometry":{"type":"Point","coordinates":[-122.430637,37.776252]}},{"type":"Feature","id":665,"properties":{"revision":0,"category":1,"value":65},"geometry":{"type":"Point","coordinates":[-122.430984,37.776021]}},{"type":"Feature","id":666,"properties":{"revision":0,"category":2,"value":66},"geometry":{"type":"Point","coordinates":[-122.413764,37.776225]}},{"type":"Feature","id":667,"properties":{"revision":0,"category":3,"value":67},"geometry":{"type":"Point","coordinates":[-122.408663,37.78369]}},{"type":"Feature","id":668,"properties":{"revision":0,"category":0,"value":68},"geometry":{"type":"Point","coordinates":[-122.427854,37.764957]}},{"type":"Feature","id":669,"properties":{"revision":0,"category":1,"value":69},"geometry":{"type":"Point","coordinates":[-122.412329,37.775178]}},{"type":"Feature","id":670,"properties":{"revision":0,"category":2,"value":70},"geometry":{"type":"Point","coordinates":[-122.411116,37.779506]}},{"type":"Feature","id":671,"properties":{"revision":0,"category":3,"value":71},"geometry":{"type":"Point","coordinates":[-122.41061,37.779037]}},{"type":"Feature","id":672,"properties":{"revision":0,"category":0,"value":72},"geometry":{"type":"Point","coordinates":[-122.419325,37.777182]}},{"type":"Feature","id":673,"properties":{"revision":0,"category":1,"value":73},"geometry":{"type":"Point","coordinates":[-122.417724,37.773034]}},{"type":"Feature","id":674,"properties":{"revision":0,"category":2,"value":74},"geometry":{"type":"Point","coordinates":[-122.407137,37.780117]}},{"type":"Feature","id":675,"properties":{"revision":0,"category":3,"value":75},"geometry":{"type":"Point","coordinates":[-122.413368,37.766099]}},{"type":"Feature","id":676,"properties":{"revision":0,"category":0,"value":76},"geometry":{"type":"Point","coordinates":[-122.422994,37.780627]}},{"type":"Feature","id":677,"properties":{"revision":0,"category":1,"value":77},"geometry":{"type":"Point","coordinates":[-122.415969,37.765768]}},{"type":"Feature","id":678,"properties":{"revision":0,"category":2,"value":78},"geometry":{"type":"Point","coordinates":[-122.416639,37.780822]}},{"type":"Feature","id":679,"properties":{"revision":0,"category":3,"value":79},"geometry":{"type":"Point","coordinates":[-122.41407,37.767412]}},{"type":"Feature","id":680,"properties":{"revision":0,"category":0,"value":80},"geometry":{"type":"Point","coordinates":[-122.420605,37.774698]}},{"type":"Feature","id":681,"properties":{"revision":0,"category":1,"value":81},"geometry":{"type":"Point","coordinates":[-122.419193,37.781172]}},{"type":"Feature","id":682,"properties":{"revision":0,"category":2,"value":82},"geometry":{"type":"Point","coordinates":[-122.408074,37.773398]}},{"type":"Feature","id":683,"properties":{"revision":0,"category":3,"value":83},"geometry":{"type":"Point","coordinates":[-122.419654,37.769299]}},{"type":"Feature","id":684,"properties":{"revision":0,"category":0,"value":84},"geometry":{"type":"Point","coordinates":[-122.42635,37.774372]}},{"type":"Feature","id":685,"properties":{"revision":0,"category":1,"value":85},"geometry":{"type":"Point","coordinates":[-122.4159,37.770435]}},{"type":"Feature","id":686,"properties":{"revision":0,"category":2,"value":86},"geometry":{"type":"Point","coordinates":[-122.425764,37.77412]}},{"type":"Feature","id":687,"properties":{"revision":0,"category":3,"value":87},"geometry":{"type":"Point","coordinates":[-122.422524,37.768125]}},{"type":"Feature","id":688,"properties":{"revision":0,"category":0,"value":88},"geometry":{"type":"Point","coordinates":[-122.4181,37.776194]}},{"type":"Feature","id":689,"properties":{"revision":0,"category":1,"value":89},"geometry":{"type":"Point","coordinates":[-122.424498,37.7769]}},{"type":"Feature","id":690,"properties":{"revision":0,"category":2,"value":90},"geometry":{"type":"Point","coordinates":[-122.426386,37.780904]}},{"type":"Feature","id":691,"properties":{"revision":0,"category":3,"value":91},"geometry":{"type":"Point","coordinates":[-122.423725,37.772896]}},{"type":"Feature","id":692,"properties":{"revision":0,"category":0,"value":92},"geometry":{"type":"Point","coordinates":[-122.417936,37.772794]}},{"type":"Feature","id":693,"properties":{"revision":0,"category":1,"value":93},"geometry":{"type":"Point","coordinates":[-122.419049,37.768692]}},{"type":"Feature","id":694,"properties":{"revision":0,"category":2,"value":94},"geometry":{"type":"Point","coordinates":[-122.423972,37.778552]}},{"type":"Feature","id":695,"properties":{"revision":0,"category":3,"value":95},"geometry":{"type":"Point","coordinates":[-122.413084,37.773857]}},{"type":"Feature","id":696,"properties":{"revision":0,"category":0,"value":96},"geometry":{"type":"Point","coordinates":[-122.431637,37.767231]}},{"type":"Feature","id":697,"properties":{"revision":0,"category":1,"value":97},"geometry":{"type":"Point","coordinates":[-122.429227,37.771489]}},{"type":"Feature","id":698,"properties":{"revision":0,"category":2,"value":98},"geometry":{"type":"Point","coordinates":[-122.430788,37.777541]}},{"type":"Feature","id":699,"properties":{"revision":0,"category":3,"value":99},"geometry":{"type":"Point","coordinates":[-122.408864,37.776975]}},{"type":"Feature","id":700,"properties":{"revision":0,"category":0,"value":0},"geometry":{"type":"Point","coordinates":[-122.425656,37.77551]}},{"type":"Feature","id":701,"properties":{"revision":0,"category":1,"value":1},"geometry":{"type":"Point","coordinates":[-122.414716,37.779654]}},{"type":"Feature","id":702,"properties":{"revision":0,"category":2,"value":2},"geometry":{"type":"Point","coordinates":[-122.423152,37.77067]}},{"type":"Feature","id":703,"properties":{"revision":0,"category":3,"value":3},"geometry":{"type":"Point","coordinates":[-122.414502,37.767229]}},{"type":"Feature","id":704,"properties":{"revision":0,"category":0,"value":4},"geometry":{"type":"Point","coordinates":[-122.420571,37.782844]}},{"type":"Feature","id":705,"properties":{"revision":0,"category":1,"value":5},"geometry":{"type":"Point","coordinates":[-122.418718,37.768085]}},{"type":"Feature","id":706,"properties":{"revision":0,"category":2,"value":6},"geometry":{"type":"Point","coordinates":[-122.410928,37.783531]}},{"type":"Feature","id":707,"properties":{"revision":0,"category":3,"value":7},"geometry":{"type":"Point","coordinates":[-122.414983,37.777215]}},{"type":"Feature","id":708,"properties":{"revision":0,"category":0,"value":8},"geometry":{"type":"Point","coordinates":[-122.407073,37.783912]}},{"type":"Feature","id":709,"properties":{"revision":0,"category":1,"value":9},"geometry":{"type":"Point","coordinates":[-122.40776,37.769398]}},{"type":"Feature","id":710,"properties":{"revision":0,"category":2,"value":10},"geometry":{"type":"Point","coordinates":[-122.423242,37.768397]}},{"type":"Feature","id":711,"properties":{"revision":0,"category":3,"value":11},"geometry":{"type":"Point","coordinates":[-122.418654,37.770713]}},{"type":"Feature","id":712,"properties":{"revision":0,"category":0,"value":12},"geometry":{"type":"Point","coordinates":[-122.420354,37.775991]}},{"type":"Feature","id":713,"properties":{"revision":0,"category":1,"value":13},"geometry":{"type":"Point","coordinates":[-122.414077,37.770458]}},{"type":"Feature","id":714,"properties":{"revision":0,"category":2,"value":14},"geometry":{"type":"Point","coordinates":[-122.428787,37.769557]}},{"type":"Feature","id":715,"properties":{"revision":0,"category":3,"value":15},"geometry":{"type":"Point","coordinates":[-122.416517,37.771507]}},{"type":"Feature","id":716,"properties":{"revision":0,"category":0,"value":16},"geometry":{"type":"Point","coordinates":[-122.420418,37.781492]}},{"type":"Feature","id":717,"properties":{"revision":0,"category":1,"value":17},"geometry":{"type":"Point","coordinates":[-122.411662,37.774572]}},{"type":"Feature","id":718,"properties":{"revision":0,"category":2,"value":18},"geometry":{"type":"Point","coordinates":[-122.41429,37.770806]}},{"type":"Feature","id":719,"properties":{"revision":0,"category":3,"value":19},"geometry":{"type":"Point","coordinates":[-122.413159,37.765546]}},{"type":"Feature","id":720,"properties":{"revision":0,"category":0,"value":20},"geometry":{"type":"Point","coordinates":[-122.431419,37.775438]}},{"type":"Feature","id":721,"properties":{"revision":0,"category":1,"value":21},"geometry":{"type":"Point","coordinates":[-122.41083,37.78122]}},{"type":"Feature","id":722,"properties":{"revision":0,"category":2,"value":22},"geometry":{"type":"Point","coordinates":[-122.417818,37.780962]}},{"type":"Feature","id":723,"properties":{"revision":0,"category":3,"value":23},"geometry":{"type":"Point","coordinates":[-122.412138,37.771794]}},{"type":"Feature","id":724,"properties":{"revision":0,"category":0,"value":24},"geometry":{"type":"Point","coordinates":[-122.423515,37.771173]}},{"type":"Feature","id":725,"properties":{"revision":0,"category":1,"value":25},"geometry":{"type":"Point","coordinates":[-122.423581,37.783615]}},{"type":"Feature","id":726,"properties":{"revision":0,"category":2,"value":26},"geometry":{"type":"Point","coordinates":[-122.414866,37.765469]}},{"type":"Feature","id":727,"properties":{"revision":0,"category":3,"value":27},"geometry":{"type":"Point","coordinates":[-122.428837,37.77182]}},{"type":"Feature","id":728,"properties":{"revision":0,"category":0,"value":28},"geometry":{"type":"Point","coordinates":[-122.419519,37.78304]}},{"type":"Feature","id":729,"properties":{"revision":0,"category":1,"value":29},"geometry":{"type":"Point","coordinates":[-122.429372,37.777907]}},{"type":"Feature","id":730,"properties":{"revision":0,"category":2,"value":30},"geometry":{"type":"Point","coordinates":[-122.423856,37.770564]}},{"type":"Feature","id":731,"properties":{"revision":0,"category":3,"value":31},"geometry":{"type":"Point","coordinates":[-122.416058,37.773241]}},{"type":"Feature","id":732,"properties":{"revision":0,"category":0,"value":32},"geometry":{"type":"Point","coordinates":[-122.426902,37.76953]}},{"type":"Feature","id":733,"properties":{"revision":0,"category":1,"value":33},"geometry":{"type":"Point","coordinates":[-122.431672,37.768396]}},{"type":"Feature","id":734,"properties":{"revision":0,"category":2,"value":34},"geometry":{"type":"Point","coordinates":[-122.407761,37.776817]}},{"type":"Feature","id":735,"properties":{"revision":0,"category":3,"value":35},"geometry":{"type":"Point","coordinates":[-122.423926,37.782513]}},{"type":"Feature","id":736,"properties":{"revision":0,"category":0,"value":36},"geometry":{"type":"Point","coordinates":[-122.418284,37.784535]}},{"type":"Feature","id":737,"properties":{"revision":0,"category":1,"value":37},"geometry":{"type":"Point","coordinates":[-122.431594,37.778894]}},{"type":"Feature","id":738,"properties":{"revision":0,"category":2,"value":38},"geometry":{"type":"Point","coordinates":[-122.42406,37.775153]}},{"type":"Feature","id":739,"properties":{"revision":0,"category":3,"value":39},"geometry":{"type":"Point","coordinates":[-122.421399,37.771799]}},{"type":"Feature","id":740,"properties":{"revision":0,"category":0,"value":40},"geometry":{"type":"Point","coordinates":[-122.417004,37.775605]}},{"type":"Feature","id":741,"properties":{"revision":0,"category":1,"value":41},"geometry":{"type":"Point","coordinates":[-122.419663,37.781034]}},{"type":"Feature","id":742,"properties":{"revision":0,"category":2,"value":42},"geometry":{"type":"Point","coordinates":[-122.420232,37.781248]}},{"type":"Feature","id":743,"properties":{"revision":0,"category":3,"value":43},"geometry":{"type":"Point","coordinates":[-122.411096,37.781207]}},{"type":"Feature","id":744,"properties":{"revision":0,"category":0,"value":44},"geometry":{"type":"Point","coordinates":[-122.417319,37.781709]}},{"type":"Feature","id":745,"properties":{"revision":0,"category":1,"value":45},"geometry":{"type":"Point","coordinates":[-122.417468,37.770687]}},{"type":"Feature","id":746,"properties":{"revision":0,"category":2,"value":46},"geometry":{"type":"Point","coordinates":[-122.427049,37.775387]}},{"type":"Feature","id":747,"properties":{"revision":0,"category":3,"value":47},"geometry":{"type":"Point","coordinates":[-122.427646,37.777953]}},{"type":"Feature","id":748,"properties":{"revision":0,"category":0,"value":48},"geometry":{"type":"Point","coordinates":[-122.42288,37.781795]}},{"type":"Feature","id":749,"properties":{"revision":0,"category":1,"value":49},"geometry":{"type":"Point","coordinates":[-122.407086,37.768331]}},{"type":"Feature","id":750,"properties":{"revision":0,"category":2,"value":50},"geometry":{"type":"Point","coordinates":[-122.420509,37.765779]}},{"type":"Feature","id":751,"properties":{"revision":0,"category":3,"value":51},"geometry":{"type":"Point","coordinates":[-122.407915,37.777897]}},{"type":"Feature","id":752,"properties":{"revision":0,"category":0,"value":52},"geometry":{"type":"Point","coordinates":[-122.425988,37.77107]}},{"type":"Feature","id":753,"properties":{"revision":0,"category":1,"value":53},"geometry":{"type":"Point","coordinates":[-122.424535,37.777262]}},{"type":"Feature","id":754,"properties":{"revision":0,"category":2,"value":54},"geometry":{"type":"Point","coordinates":[-122.425645,37.766669]}},{"type":"Feature","id":755,"properties":{"revision":0,"category":3,"value":55},"geometry":{"type":"Point","coordinates":[-122.429699,37.782484]}},{"type":"Feature","id":756,"properties":{"revision":0,"category":0,"value":56},"geometry":{"type":"Point","coordinates":[-122.418092,37.768731]}},{"type":"Feature","id":757,"properties":{"revision":0,"category":1,"value":57},"geometry":{"type":"Point","coordinates":[-122.413822,37.781984]}},{"type":"Feature","id":758,"properties":{"revision":0,"category":2,"value":58},"geometry":{"type":"Point","coordinates":[-122.426723,37.769537]}},{"type":"Feature","id":759,"properties":{"revision":0,"category":3,"value":59},"geometry":{"type":"Point","coordinates":[-122.407183,37.784604]}},{"type":"Feature","id":760,"properties":{"revision":0,"category":0,"value":60},"geometry":{"type":"Point","coordinates":[-122.428239,37.774303]}},{"type":"Feature","id":761,"properties":{"revision":0,"category":1,"value":61},"geometry":{"type":"Point","coordinates":[-122.424932,37.781192]}},{"type":"Feature","id":762,"properties":{"revision":0,"category":2,"value":62},"geometry":{"type":"Point","coordinates":[-122.416991,37.777783]}},{"type":"Feature","id":763,"properties":{"revision":0,"category":3,"value":63},"geometry":{"type":"Point","coordinates":[-122.413095,37.772515]}},{"type":"Feature","id":764,"properties":{"revision":0,"category":0,"value":64},"geometry":{"type":"Point","coordinates":[-122.426224,37.773808]}},{"type":"Feature","id":765,"properties":{"revision":0,"category":1,"value":65},"geometry":{"type":"Point","coordinates":[-122.423029,37.780341]}},{"type":"Feature","id":766,"properties":{"revision":0,"category":2,"value":66},"geometry":{"type":"Point","coordinates":[-122.430615,37.774199]}},{"type":"Feature","id":767,"properties":{"revision":0,"category":3,"value":67},"geometry":{"type":"Point","coordinates":[-122.413005,37.765604]}},{"type":"Feature","id":768,"properties":{"revision":0,"category":0,"value":68},"geometry":{"type":"Point","coordinates":[-122.420429,37.767458]}},{"type":"Feature","id":769,"properties":{"revision":0,"category":1,"value":69},"geometry":{"type":"Point","coordinates":[-122.424358,37.77238]}},{"type":"Feature","id":770,"properties":{"revision":0,"category":2,"value":70},"geometry":{"type":"Point","coordinates":[-122.419285,37.774534]}},{"type":"Feature","id":771,"properties":{"revision":0,"category":3,"value":71},"geometry":{"type":"Point","coordinates":[-122.431627,37.768107]}},{"type":"Feature","id":772,"properties":{"revision":0,"category":0,"value":72},"geometry":{"type":"Point","coordinates":[-122.427304,37.782357]}},{"type":"Feature","id":773,"properties":{"revision":0,"category":1,"value":73},"geometry":{"type":"Point","coordinates":[-122.419729,37.766696]}},{"type":"Feature","id":774,"properties":{"revision":0,"category":2,"value":74},"geometry":{"type":"Point","coordinates":[-122.423809,37.777104]}},{"type":"Feature","id":775,"properties":{"revision":0,"category":3,"value":75},"geometry":{"type":"Point","coordinates":[-122.427024,37.772632]}},{"type":"Feature","id":776,"properties":{"revision":0,"category":0,"value":76},"geometry":{"type":"Point","coordinates":[-122.41116,37.765916]}},{"type":"Feature","id":777,"properties":{"revision":0,"category":1,"value":77},"geometry":{"type":"Point","coordinates":[-122.43187,37.775908]}},{"type":"Feature","id":778,"properties":{"revision":0,"category":2,"value":78},"geometry":{"type":"Point","coordinates":[-122.416225,37.783035]}},{"type":"Feature","id":779,"properties":{"revision":0,"category":3,"value":79},"geometry":{"type":"Point","coordinates":[-122.427067,37.781025]}},{"type":"Feature","id":780,"properties":{"revision":0,"category":0,"value":80},"geometry":{"type":"Point","coordinates":[-122.422754,37.769203]}},{"type":"Feature","id":781,"properties":{"revision":0,"category":1,"value":81},"geometry":{"type":"Point","coordinates":[-122.427113,37.765537]}},{"type":"Feature","id":782,"properties":{"revision":0,"category":2,"value":82},"geometry":{"type":"Point","coordinates":[-122.410823,37.772822]}},{"type":"Feature","id":783,"properties":{"revision":0,"category":3,"value":83},"geometry":{"type":"Point","coordinates":[-122.411328,37.783473]}},{"type":"Feature","id":784,"properties":{"revision":0,"category":0,"value":84},"geometry":{"type":"Point","coordinates":[-122.415866,37.781587]}},{"type":"Feature","id":785,"properties":{"revision":0,"category":1,"value":85},"geometry":{"type":"Point","coordinates":[-122.407146,37.773217]}},{"type":"Feature","id":786,"properties":{"revision":0,"category":2,"value":86},"geometry":{"type":"Point","coordinates":[-122.42704,37.765616]}},{"type":"Feature","id":787,"properties":{"revision":0,"category":3,"value":87},"geometry":{"type":"Point","coordinates":[-122.409426,37.76912]}},{"type":"Feature","id":788,"properties":{"revision":0,"category":0,"value":88},"geometry":{"type":"Point","coordinates":[-122.420322,37.781439]}},{"type":"Feature","id":789,"properties":{"revision":0,"category":1,"value":89},"geometry":{"type":"Point","coordinates":[-122.423769,37.777168]}},{"type":"Feature","id":790,"properties":{"revision":0,"category":2,"value":90},"geometry":{"type":"Point","coordinates":[-122.413503,37.774104]}},{"type":"Feature","id":791,"properties":{"revision":0,"category":3,"value":91},"geometry":{"type":"Point","coordinates":[-122.42953,37.782912]}},{"type":"Feature","id":792,"properties":{"revision":0,"category":0,"value":92},"geometry":{"type":"Point","coordinates":[-122.429567,37.782173]}},{"type":"Feature","id":793,"properties":{"revision":0,"category":1,"value":93},"geometry":{"type":"Point","coordinates":[-122.421523,37.779864]}},{"type":"Feature","id":794,"properties":{"revision":0,"category":2,"value":94},"geometry":{"type":"Point","coordinates":[-122.414676,37.784384]}},{"type":"Feature","id":795,"properties":{"revision":0,"category":3,"value":95},"geometry":{"type":"Point","coordinates":[-122.431752,37.776725]}},{"type":"Feature","id":796,"properties":{"revision":0,"category":0,"value":96},"geometry":{"type":"Point","coordinates":[-122.407629,37.779232]}},{"type":"Feature","id":797,"properties":{"revision":0,"category":1,"value":97},"geometry":{"type":"Point","coordinates":[-122.423164,37.769782]}},{"type":"Feature","id":798,"properties":{"revision":0,"category":2,"value":98},"geometry":{"type":"Point","coordinates":[-122.422443,37.78333]}},{"type":"Feature","id":799,"properties":{"revision":0,"category":3,"value":99},"geometry":{"type":"Point","coordinates":[-122.426493,37.782871]}},{"type":"Feature","id":800,"properties":{"revision":0,"category":0,"value":0},"geometry":{"type":"Point","coordinates":[-122.414435,37.779236]}},{"type":"Feature","id":801,"properties":{"revision":0,"category":1,"value":1},"geometry":{"type":"Point","coordinates":[-122.427453,37.774699]}},{"type":"Feature","id":802,"properties":{"revision":0,"category":2,"value":2},"geometry":{"type":"Point","coordinates":[-122.428512,37.781148]}},{"type":"Feature","id":803,"properties":{"revision":0,"category":3,"value":3},"geometry":{"type":"Point","coordinates":[-122.418133,37.77489]}},{"type":"Feature","id":804,"properties":{"revision":0,"category":0,"value":4},"geometry":{"type":"Point","coordinates":[-122.425332,37.776147]}},{"type":"Feature","id":805,"properties":{"revision":0,"category":1,"value":5},"geometry":{"type":"Point","coordinates":[-122.417785,37.767072]}},{"type":"Feature","id":806,"properties":{"revision":0,"category":2,"value":6},"geometry":{"type":"Point","coordinates":[-122.417065,37.778165]}},{"type":"Feature","id":807,"properties":{"revision":0,"category":3,"value":7},"geometry":{"type":"Point","coordinates":[-122.426303,37.780984]}},{"type":"Feature","id":808,"properties":{"revision":0,"category":0,"value":8},"geometry":{"type":"Point","coordinates":[-122.428566,37.769011]}},{"type":"Feature","id":809,"properties":{"revision":0,"category":1,"value":9},"geometry":{"type":"Point","coordinates":[-122.410951,37.780636]}},{"type":"Feature","id":810,"properties":{"revision":0,"category":2,"value":10},"geometry":{"type":"Point","coordinates":[-122.419663,37.784653]}},{"type":"Feature","id":811,"properties":{"revision":0,"category":3,"value":11},"geometry":{"type":"Point","coordinates":[-122.416658,37.772074]}},{"type":"Feature","id":812,"properties":{"revision":0,"category":0,"value":12},"geometry":{"type":"Point","coordinates":[-122.418818,37.773219]}},{"type":"Feature","id":813,"properties":{"revision":0,"category":1,"value":13},"geometry":{"type":"Point","coordinates":[-122.424902,37.779965]}},{"type":"Feature","id":814,"properties":{"revision":0,"category":2,"value":14},"geometry":{"type":"Point","coordinates":[-122.410089,37.769513]}},{"type":"Feature","id":815,"properties":{"revision":0,"category":3,"value":15},"geometry":{"type":"Point","coordinates":[-122.427243,37.774732]}},{"type":"Feature","id":816,"properties":{"revision":0,"category":0,"value":16},"geometry":{"type":"Point","coordinates":[-122.414539,37.773563]}},{"type":"Feature","id":817,"properties":{"revision":0,"category":1,"value":17},"geometry":{"type":"Point","coordinates":[-122.416953,37.784581]}},{"type":"Feature","id":818,"properties":{"revision":0,"category":2,"value":18},"geometry":{"type":"Point","coordinates":[-122.425173,37.76712]}},{"type":"Feature","id":819,"properties":{"revision":0,"category":3,"value":19},"geometry":{"type":"Point","coordinates":[-122.407538,37.768248]}},{"type":"Feature","id":820,"properties":{"revision":0,"category":0,"value":20},"geometry":{"type":"Point","coordinates":[-122.409431,37.773542]}},{"type":"Feature","id":821,"properties":{"revision":0,"category":1,"value":21},"geometry":{"type":"Point","coordinates":[-122.431793,37.773792]}},{"type":"Feature","id":822,"properties":{"revision":0,"category":2,"value":22},"geometry":{"type":"Point","coordinates":[-122.421494,37.775288]}},{"type":"Feature","id":823,"properties":{"revision":0,"category":3,"value":23},"geometry":{"type":"Point","coordinates":[-122.427617,37.777213]}},{"type":"Feature","id":824,"properties":{"revision":0,"category":0,"value":24},"geometry":{"type":"Point","coordinates":[-122.411374,37.782517]}},{"type":"Feature","id":825,"properties":{"revision":0,"category":1,"value":25},"geometry":{"type":"Point","coordinates":[-122.42837,37.779186]}},{"type":"Feature","id":826,"properties":{"revision":0,"category":2,"value":26},"geometry":{"type":"Point","coordinates":[-122.417115,37.768689]}},{"type":"Feature","id":827,"properties":{"revision":0,"category":3,"value":27},"geometry":{"type":"Point","coordinates":[-122.420563,37.78259]}},{"type":"Feature","id":828,"properties":{"revision":0,"category":0,"value":28},"geometry":{"type":"Point","coordinates":[-122.415461,37.779937]}},{"type":"Feature","id":829,"properties":{"revision":0,"category":1,"value":29},"geometry":{"type":"Point","coordinates":[-122.431362,37.776902]}},{"type":"Feature","id":830,"properties":{"revision":0,"category":2,"value":30},"geometry":{"type":"Point","coordinates":[-122.429656,37.775633]}},{"type":"Feature","id":831,"properties":{"revision":0,"category":3,"value":31},"geometry":{"type":"Point","coordinates":[-122.419131,37.768561]}},{"type":"Feature","id":832,"properties":{"revision":0,"category":0,"value":32},"geometry":{"type":"Point","coordinates":[-122.424038,37.776065]}},{"type":"Feature","id":833,"properties":{"revision":0,"category":1,"value":33},"geometry":{"type":"Point","coordinates":[-122.419418,37.777544]}},{"type":"Feature","id":834,"properties":{"revision":0,"category":2,"value":34},"geometry":{"type":"Point","coordinates":[-122.42159,37.783118]}},{"type":"Feature","id":835,"properties":{"revision":0,"category":3,"value":35},"geometry":{"type":"Point","coordinates":[-122.416184,37.769244]}},{"type":"Feature","id":836,"properties":{"revision":0,"category":0,"value":36},"geometry":{"type":"Point","coordinates":[-122.409137,37.772509]}},{"type":"Feature","id":837,"properties":{"revision":0,"category":1,"value":37},"geometry":{"type":"Point","coordinates":[-122.414082,37.782371]}},{"type":"Feature","id":838,"properties":{"revision":0,"category":2,"value":38},"geometry":{"type":"Point","coordinates":[-122.429971,37.765608]}},{"type":"Feature","id":839,"properties":{"revision":0,"category":3,"value":39},"geometry":{"type":"Point","coordinates":[-122.415693,37.778521]}},{"type":"Feature","id":840,"properties":{"revision":0,"category":0,"value":40},"geometry":{"type":"Point","coordinates":[-122.416488,37.782346]}},{"type":"Feature","id":841,"properties":{"revision":0,"category":1,"value":41},"geometry":{"type":"Point","coordinates":[-122.419136,37.778652]}},{"type":"Feature","id":842,"properties":{"revision":0,"category":2,"value":42},"geometry":{"type":"Point","coordinates":[-122.4255,37.774618]}},{"type":"Feature","id":843,"properties":{"revision":0,"category":3,"value":43},"geometry":{"type":"Point","coordinates":[-122.425492,37.780322]}},{"type":"Feature","id":844,"properties":{"revision":0,"category":0,"value":44},"geometry":{"type":"Point","coordinates":[-122.415176,37.778659]}},{"type":"Feature","id":845,"properties":{"revision":0,"category":1,"value":45},"geometry":{"type":"Point","coordinates":[-122.420565,37.77442]}},{"type":"Feature","id":846,"properties":{"revision":0,"category":2,"value":46},"geometry":{"type":"Point","coordinates":[-122.428557,37.774892]}},{"type":"Feature","id":847,"properties":{"revision":0,"category":3,"value":47},"geometry":{"type":"Point","coordinates":[-122.423686,37.771098]}},{"type":"Feature","id":848,"properties":{"revision":0,"category":0,"value":48},"geometry":{"type":"Point","coordinates":[-122.407511,37.773379]}},{"type":"Feature","id":849,"properties":{"revision":0,"category":1,"value":49},"geometry":{"type":"Point","coordinates":[-122.409836,37.779946]}},{"type":"Feature","id":850,"properties":{"revision":0,"category":2,"value":50},"geometry":{"type":"Point","coordinates":[-122.409799,37.769579]}},{"type":"Feature","id":851,"properties":{"revision":0,"category":3,"value":51},"geometry":{"type":"Point","coordinates":[-122.419023,37.780159]}},{"type":"Feature","id":852,"properties":{"revision":0,"category":0,"value":52},"geometry":{"type":"Point","coordinates":[-122.418909,37.76521]}},{"type":"Feature","id":853,"properties":{"revision":0,"category":1,"value":53},"geometry":{"type":"Point","coordinates":[-122.42356,37.765118]}},{"type":"Feature","id":854,"properties":{"revision":0,"category":2,"value":54},"geometry":{"type":"Point","coordinates":[-122.431443,37.776052]}},{"type":"Feature","id":855,"properties":{"revision":0,"category":3,"value":55},"geometry":{"type":"Point","coordinates":[-122.408966,37.780607]}},{"type":"Feature","id":856,"properties":{"revision":0,"category":0,"value":56},"geometry":{"type":"Point","coordinates":[-122.425113,37.784711]}},{"type":"Feature","id":857,"properties":{"revision":0,"category":1,"value":57},"geometry":{"type":"Point","coordinates":[-122.408144,37.78044]}},{"type":"Feature","id":858,"properties":{"revision":0,"category":2,"value":58},"geometry":{"type":"Point","coordinates":[-122.429218,37.767734]}},{"type":"Feature","id":859,"properties":{"revision":0,"category":3,"value":59},"geometry":{"type":"Point","coordinates":[-122.412223,37.770635]}},{"type":"Feature","id":860,"properties":{"revision":0,"category":0,"value":60},"geometry":{"type":"Point","coordinates":[-122.413501,37.777586]}},{"type":"Feature","id":861,"properties":{"revision":0,"category":1,"value":61},"geometry":{"type":"Point","coordinates":[-122.413635,37.770292]}},{"type":"Feature","id":862,"properties":{"revision":0,"category":2,"value":62},"geometry":{"type":"Point","coordinates":[-122.408245,37.778461]}},{"type":"Feature","id":863,"properties":{"revision":0,"category":3,"value":63},"geometry":{"type":"Point","coordinates":[-122.40892,37.773569]}},{"type":"Feature","id":864,"properties":{"revision":0,"category":0,"value":64},"geometry":{"type":"Point","coordinates":[-122.429819,37.776194]}},{"type":"Feature","id":865,"properties":{"revision":0,"category":1,"value":65},"geometry":{"type":"Point","coordinates":[-122.411073,37.771145]}},{"type":"Feature","id":866,"properties":{"revision":0,"category":2,"value":66},"geometry":{"type":"Point","coordinates":[-122.415032,37.772208]}},{"type":"Feature","id":867,"properties":{"revision":0,"category":3,"value":67},"geometry":{"type":"Point","coordinates":[-122.424886,37.773044]}},{"type":"Feature","id":868,"properties":{"revision":0,"category":0,"value":68},"geometry":{"type":"Point","coordinates":[-122.40984,37.76807]}},{"type":"Feature","id":869,"properties":{"revision":0,"category":1,"value":69},"geometry":{"type":"Point","coordinates":[-122.413551,37.778094]}},{"type":"Feature","id":870,"properties":{"revision":0,"category":2,"value":70},"geometry":{"type":"Point","coordinates":[-122.421483,37.7839]}},{"type":"Feature","id":871,"properties":{"revision":0,"category":3,"value":71},"geometry":{"type":"Point","coordinates":[-122.414977,37.776524]}},{"type":"Feature","id":872,"properties":{"revision":0,"category":0,"value":72},"geometry":{"type":"Point","coordinates":[-122.410176,37.779117]}},{"type":"Feature","id":873,"properties":{"revision":0,"category":1,"value":73},"geometry":{"type":"Point","coordinates":[-122.416478,37.765676]}},{"type":"Feature","id":874,"properties":{"revision":0,"category":2,"value":74},"geometry":{"type":"Point","coordinates":[-122.428779,37.772672]}},{"type":"Feature","id":875,"properties":{"revision":0,"category":3,"value":75},"geometry":{"type":"Point","coordinates":[-122.418237,37.765287]}},{"type":"Feature","id":876,"properties":{"revision":0,"category":0,"value":76},"geometry":{"type":"Point","coordinates":[-122.423408,37.782634]}},{"type":"Feature","id":877,"properties":{"revision":0,"category":1,"value":77},"geometry":{"type":"Point","coordinates":[-122.412301,37.772151]}},{"type":"Feature","id":878,"properties":{"revision":0,"category":2,"value":78},"geometry":{"type":"Point","coordinates":[-122.426429,37.779435]}},{"type":"Feature","id":879,"properties":{"revision":0,"category":3,"value":79},"geometry":{"type":"Point","coordinates":[-122.427641,37.78067]}},{"type":"Feature","id":880,"properties":{"revision":0,"category":0,"value":80},"geometry":{"type":"Point","coordinates":[-122.418097,37.775353]}},{"type":"Feature","id":881,"properties":{"revision":0,"category":1,"value":81},"geometry":{"type":"Point","coordinates":[-122.416518,37.779339]}},{"type":"Feature","id":882,"properties":{"revision":0,"category":2,"value":82},"geometry":{"type":"Point","coordinates":[-122.41418,37.779719]}},{"type":"Feature","id":883,"properties":{"revision":0,"category":3,"value":83},"geometry":{"type":"Point","coordinates":[-122.427859,37.775332]}},{"type":"Feature","id":884,"properties":{"revision":0,"category":0,"value":84},"geometry":{"type":"Point","coordinates":[-122.409514,37.783579]}},{"type":"Feature","id":885,"properties":{"revision":0,"category":1,"value":85},"geometry":{"type":"Point","coordinates":[-122.42462,37.776965]}},{"type":"Feature","id":886,"properties":{"revision":0,"category":2,"value":86},"geometry":{"type":"Point","coordinates":[-122.428588,37.765732]}},{"type":"Feature","id":887,"properties":{"revision":0,"category":3,"value":87},"geometry":{"type":"Point","coordinates":[-122.429508,37.777694]}},{"type":"Feature","id":888,"properties":{"revision":0,"category":0,"value":88},"geometry":{"type":"Point","coordinates":[-122.428695,37.771679]}},{"type":"Feature","id":889,"properties":{"revision":0,"category":1,"value":89},"geometry":{"type":"Point","coordinates":[-122.425956,37.77451]}},{"type":"Feature","id":890,"properties":{"revision":0,"category":2,"value":90},"geometry":{"type":"Point","coordinates":[-122.407423,37.780157]}},{"type":"Feature","id":891,"properties":{"revision":0,"category":3,"value":91},"geometry":{"type":"Point","coordinates":[-122.425818,37.769385]}},{"type":"Feature","id":892,"properties":{"revision":0,"category":0,"value":92},"geometry":{"type":"Point","coordinates":[-122.431227,37.771302]}},{"type":"Feature","id":893,"properties":{"revision":0,"category":1,"value":93},"geometry":{"type":"Point","coordinates":[-122.419007,37.776625]}},{"type":"Feature","id":894,"properties":{"revision":0,"category":2,"value":94},"geometry":{"type":"Point","coordinates":[-122.411678,37.765962]}},{"type":"Feature","id":895,"properties":{"revision":0,"category":3,"value":95},"geometry":{"type":"Point","coordinates":[-122.414058,37.772107]}},{"type":"Feature","id":896,"properties":{"revision":0,"category":0,"value":96},"geometry":{"type":"Point","coordinates":[-122.42405,37.767882]}},{"type":"Feature","id":897,"properties":{"revision":0,"category":1,"value":97},"geometry":{"type":"Point","coordinates":[-122.430083,37.777013]}},{"type":"Feature","id":898,"properties":{"revision":0,"category":2,"value":98},"geometry":{"type":"Point","coordinates":[-122.413588,37.772595]}},{"type":"Feature","id":899,"properties":{"revision":0,"category":3,"value":99},"geometry":{"type":"Point","coordinates":[-122.412632,37.7651]}},{"type":"Feature","id":900,"properties":{"revision":0,"category":0,"value":0},"geometry":{"type":"Point","coordinates":[-122.414344,37.779647]}},{"type":"Feature","id":901,"properties":{"revision":0,"category":1,"value":1},"geometry":{"type":"Point","coordinates":[-122.431589,37.780448]}},{"type":"Feature","id":902,"properties":{"revision":0,"category":2,"value":2},"geometry":{"type":"Point","coordinates":[-122.416018,37.765368]}},{"type":"Feature","id":903,"properties":{"revision":0,"category":3,"value":3},"geometry":{"type":"Point","coordinates":[-122.426673,37.782664]}},{"type":"Feature","id":904,"properties":{"revision":0,"category":0,"value":4},"geometry":{"type":"Point","coordinates":[-122.408329,37.776444]}},{"type":"Feature","id":905,"properties":{"revision":0,"category":1,"value":5},"geometry":{"type":"Point","coordinates":[-122.416736,37.774738]}},{"type":"Feature","id":906,"properties":{"revision":0,"category":2,"value":6},"geometry":{"type":"Point","coordinates":[-122.410331,37.77302]}},{"type":"Feature","id":907,"properties":{"revision":0,"category":3,"value":7},"geometry":{"type":"Point","coordinates":[-122.409292,37.775568]}},{"type":"Feature","id":908,"properties":{"revision":0,"category":0,"value":8},"geometry":{"type":"Point","coordinates":[-122.419246,37.768681]}},{"type":"Feature","id":909,"properties":{"revision":0,"category":1,"value":9},"geometry":{"type":"Point","coordinates":[-122.423754,37.783501]}},{"type":"Feature","id":910,"properties":{"revision":0,"category":2,"value":10},"geometry":{"type":"Point","coordinates":[-122.415024,37.765656]}},{"type":"Feature","id":911,"properties":{"revision":0,"category":3,"value":11},"geometry":{"type":"Point","coordinates":[-122.428009,37.769826]}},{"type":"Feature","id":912,"properties":{"revision":0,"category":0,"value":12},"geometry":{"type":"Point","coordinates":[-122.41834,37.769831]}},{"type":"Feature","id":913,"properties":{"revision":0,"category":1,"value":13},"geometry":{"type":"Point","coordinates":[-122.407856,37.767565]}},{"type":"Feature","id":914,"properties":{"revision":0,"category":2,"value":14},"geometry":{"type":"Point","coordinates":[-122.416804,37.777682]}},{"type":"Feature","id":915,"properties":{"revision":0,"category":3,"value":15},"geometry":{"type":"Point","coordinates":[-122.427261,37.78132]}},{"type":"Feature","id":916,"properties":{"revision":0,"category":0,"value":16},"geometry":{"type":"Point","coordinates":[-122.41584,37.774054]}},{"type":"Feature","id":917,"properties":{"revision":0,"category":1,"value":17},"geometry":{"type":"Point","coordinates":[-122.413305,37.775801]}},{"type":"Feature","id":918,"properties":{"revision":0,"category":2,"value":18},"geometry":{"type":"Point","coordinates":[-122.431293,37.773815]}},{"type":"Feature","id":919,"properties":{"revision":0,"category":3,"value":19},"geometry":{"type":"Point","coordinates":[-122.409876,37.770011]}},{"type":"Feature","id":920,"properties":{"revision":0,"category":0,"value":20},"geometry":{"type":"Point","coordinates":[-122.428958,37.778832]}},{"type":"Feature","id":921,"properties":{"revision":0,"category":1,"value":21},"geometry":{"type":"Point","coordinates":[-122.417747,37.783367]}},{"type":"Feature","id":922,"properties":{"revision":0,"category":2,"value":22},"geometry":{"type":"Point","coordinates":[-122.416402,37.778883]}},{"type":"Feature","id":923,"properties":{"revision":0,"category":3,"value":23},"geometry":{"type":"Point","coordinates":[-122.424043,37.768672]}},{"type":"Feature","id":924,"properties":{"revision":0,"category":0,"value":24},"geometry":{"type":"Point","coordinates":[-122.41848,37.783924]}},{"type":"Feature","id":925,"properties":{"revision":0,"category":1,"value":25},"geometry":{"type":"Point","coordinates":[-122.429353,37.774216]}},{"type":"Feature","id":926,"properties":{"revision":0,"category":2,"value":26},"geometry":{"type":"Point","coordinates":[-122.410113,37.771587]}},{"type":"Feature","id":927,"properties":{"revision":0,"category":3,"value":27},"geometry":{"type":"Point","coordinates":[-122.42045,37.776599]}},{"type":"Feature","id":928,"properties":{"revision":0,"category":0,"value":28},"geometry":{"type":"Point","coordinates":[-122.414532,37.767799]}},{"type":"Feature","id":929,"properties":{"revision":0,"category":1,"value":29},"geometry":{"type":"Point","coordinates":[-122.431778,37.783396]}},{"type":"Feature","id":930,"properties":{"revision":0,"category":2,"value":30},"geometry":{"type":"Point","coordinates":[-122.418143,37.781809]}},{"type":"Feature","id":931,"properties":{"revision":0,"category":3,"value":31},"geometry":{"type":"Point","coordinates":[-122.42288,37.784322]}},{"type":"Feature","id":932,"properties":{"revision":0,"category":0,"value":32},"geometry":{"type":"Point","coordinates":[-122.417881,37.770495]}},{"type":"Feature","id":933,"properties":{"revision":0,"category":1,"value":33},"geometry":{"type":"Point","coordinates":[-122.413272,37.782308]}},{"type":"Feature","id":934,"properties":{"revision":0,"category":2,"value":34},"geometry":{"type":"Point","coordinates":[-122.408032,37.76611]}},{"type":"Feature","id":935,"properties":{"revision":0,"category":3,"value":35},"geometry":{"type":"Point","coordinates":[-122.417083,37.772451]}},{"type":"Feature","id":936,"properties":{"revision":0,"category":0,"value":36},"geometry":{"type":"Point","coordinates":[-122.419507,37.766297]}},{"type":"Feature","id":937,"properties":{"revision":0,"category":1,"value":37},"geometry":{"type":"Point","coordinates":[-122.426508,37.770545]}},{"type":"Feature","id":938,"properties":{"revision":0,"category":2,"value":38},"geometry":{"type":"Point","coordinates":[-122.417899,37.783493]}},{"type":"Feature","id":939,"properties":{"revision":0,"category":3,"value":39},"geometry":{"type":"Point","coordinates":[-122.425459,37.764994]}},{"type":"Feature","id":940,"properties":{"revision":0,"category":0,"value":40},"geometry":{"type":"Point","coordinates":[-122.411982,37.765174]}},{"type":"Feature","id":941,"properties":{"revision":0,"category":1,"value":41},"geometry":{"type":"Point","coordinates":[-122.40858,37.783295]}},{"type":"Feature","id":942,"properties":{"revision":0,"category":2,"value":42},"geometry":{"type":"Point","coordinates":[-122.429928,37.778286]}},{"type":"Feature","id":943,"properties":{"revision":0,"category":3,"value":43},"geometry":{"type":"Point","coordinates":[-122.410124,37.7667]}},{"type":"Feature","id":944,"properties":{"revision":0,"category":0,"value":44},"geometry":{"type":"Point","coordinates":[-122.426722,37.773536]}},{"type":"Feature","id":945,"properties":{"revision":0,"category":1,"value":45},"geometry":{"type":"Point","coordinates":[-122.426849,37.770754]}},{"type":"Feature","id":946,"properties":{"revision":0,"category":2,"value":46},"geometry":{"type":"Point","coordinates":[-122.421729,37.780937]}},{"type":"Feature","id":947,"properties":{"revision":0,"category":3,"value":47},"geometry":{"type":"Point","coordinates":[-122.415703,37.772606]}},{"type":"Feature","id":948,"properties":{"revision":0,"category":0,"value":48},"geometry":{"type":"Point","coordinates":[-122.424236,37.7781]}},{"type":"Feature","id":949,"properties":{"revision":0,"category":1,"value":49},"geometry":{"type":"Point","coordinates":[-122.418062,37.782309]}},{"type":"Feature","id":950,"properties":{"revision":0,"category":2,"value":50},"geometry":{"type":"Point","coordinates":[-122.419898,37.781362]}},{"type":"Feature","id":951,"properties":{"revision":0,"category":3,"value":51},"geometry":{"type":"Point","coordinates":[-122.415601,37.782518]}},{"type":"Feature","id":952,"properties":{"revision":0,"category":0,"value":52},"geometry":{"type":"Point","coordinates":[-122.427224,37.774743]}},{"type":"Feature","id":953,"properties":{"revision":0,"category":1,"value":53},"geometry":{"type":"Point","coordinates":[-122.407497,37.779106]}},{"type":"Feature","id":954,"properties":{"revision":0,"category":2,"value":54},"geometry":{"type":"Point","coordinates":[-122.414693,37.780927]}},{"type":"Feature","id":955,"properties":{"revision":0,"category":3,"value":55},"geometry":{"type":"Point","coordinates":[-122.416587,37.777478]}},{"type":"Feature","id":956,"properties":{"revision":0,"category":0,"value":56},"geometry":{"type":"Point","coordinates":[-122.428432,37.778194]}},{"type":"Feature","id":957,"properties":{"revision":0,"category":1,"value":57},"geometry":{"type":"Point","coordinates":[-122.422373,37.78174]}},{"type":"Feature","id":958,"properties":{"revision":0,"category":2,"value":58},"geometry":{"type":"Point","coordinates":[-122.409,37.770589]}},{"type":"Feature","id":959,"properties":{"revision":0,"category":3,"value":59},"geometry":{"type":"Point","coordinates":[-122.414592,37.766541]}},{"type":"Feature","id":960,"properties":{"revision":0,"category":0,"value":60},"geometry":{"type":"Point","coordinates":[-122.410146,37.781532]}},{"type":"Feature","id":961,"properties":{"revision":0,"category":1,"value":61},"geometry":{"type":"Point","coordinates":[-122.422654,37.773285]}},{"type":"Feature","id":962,"properties":{"revision":0,"category":2,"value":62},"geometry":{"type":"Point","coordinates":[-122.431376,37.768031]}},{"type":"Feature","id":963,"properties":{"revision":0,"category":3,"value":63},"geometry":{"type":"Point","coordinates":[-122.427161,37.767605]}},{"type":"Feature","id":964,"properties":{"revision":0,"category":0,"value":64},"geometry":{"type":"Point","coordinates":[-122.429912,37.768639]}},{"type":"Feature","id":965,"properties":{"revision":0,"category":1,"value":65},"geometry":{"type":"Point","coordinates":[-122.42119,37.767051]}},{"type":"Feature","id":966,"properties":{"revision":0,"category":2,"value":66},"geometry":{"type":"Point","coordinates":[-122.420784,37.767572]}},{"type":"Feature","id":967,"properties":{"revision":0,"category":3,"value":67},"geometry":{"type":"Point","coordinates":[-122.408168,37.76639]}},{"type":"Feature","id":968,"properties":{"revision":0,"category":0,"value":68},"geometry":{"type":"Point","coordinates":[-122.413369,37.769295]}},{"type":"Feature","id":969,"properties":{"revision":0,"category":1,"value":69},"geometry":{"type":"Point","coordinates":[-122.422898,37.779246]}},{"type":"Feature","id":970,"properties":{"revision":0,"category":2,"value":70},"geometry":{"type":"Point","coordinates":[-122.413113,37.76634]}},{"type":"Feature","id":971,"properties":{"revision":0,"category":3,"value":71},"geometry":{"type":"Point","coordinates":[-122.417139,37.768345]}},{"type":"Feature","id":972,"properties":{"revision":0,"category":0,"value":72},"geometry":{"type":"Point","coordinates":[-122.423488,37.771184]}},{"type":"Feature","id":973,"properties":{"revision":0,"category":1,"value":73},"geometry":{"type":"Point","coordinates":[-122.431226,37.784453]}},{"type":"Feature","id":974,"properties":{"revision":0,"category":2,"value":74},"geometry":{"type":"Point","coordinates":[-122.431599,37.779544]}},{"type":"Feature","id":975,"properties":{"revision":0,"category":3,"value":75},"geometry":{"type":"Point","coordinates":[-122.4267,37.777353]}},{"type":"Feature","id":976,"properties":{"revision":0,"category":0,"value":76},"geometry":{"type":"Point","coordinates":[-122.40859,37.771446]}},{"type":"Feature","id":977,"properties":{"revision":0,"category":1,"value":77},"geometry":{"type":"Point","coordinates":[-122.415145,37.779726]}},{"type":"Feature","id":978,"properties":{"revision":0,"category":2,"value":78},"geometry":{"type":"Point","coordinates":[-122.418326,37.778524]}},{"type":"Feature","id":979,"properties":{"revision":0,"category":3,"value":79},"geometry":{"type":"Point","coordinates":[-122.40724,37.783776]}},{"type":"Feature","id":980,"properties":{"revision":0,"category":0,"value":80},"geometry":{"type":"Point","coordinates":[-122.41702,37.782696]}},{"type":"Feature","id":981,"properties":{"revision":0,"category":1,"value":81},"geometry":{"type":"Point","coordinates":[-122.429114,37.781145]}},{"type":"Feature","id":982,"properties":{"revision":0,"category":2,"value":82},"geometry":{"type":"Point","coordinates":[-122.411,37.782309]}},{"type":"Feature","id":983,"properties":{"revision":0,"category":3,"value":83},"geometry":{"type":"Point","coordinates":[-122.407138,37.764996]}},{"type":"Feature","id":984,"properties":{"revision":0,"category":0,"value":84},"geometry":{"type":"Point","coordinates":[-122.40908,37.781906]}},{"type":"Feature","id":985,"properties":{"revision":0,"category":1,"value":85},"geometry":{"type":"Point","coordinates":[-122.423837,37.773938]}},{"type":"Feature","id":986,"properties":{"revision":0,"category":2,"value":86},"geometry":{"type":"Point","coordinates":[-122.418789,37.783215]}},{"type":"Feature","id":987,"properties":{"revision":0,"category":3,"value":87},"geometry":{"type":"Point","coordinates":[-122.426912,37.783447]}},{"type":"Feature","id":988,"properties":{"revision":0,"category":0,"value":88},"geometry":{"type":"Point","coordinates":[-122.428163,37.777465]}},{"type":"Feature","id":989,"properties":{"revision":0,"category":1,"value":89},"geometry":{"type":"Point","coordinates":[-122.416046,37.769195]}},{"type":"Feature","id":990,"properties":{"revision":0,"category":2,"value":90},"geometry":{"type":"Point","coordinates":[-122.423905,37.769585]}},{"type":"Feature","id":991,"properties":{"revision":0,"category":3,"value":91},"geometry":{"type":"Point","coordinates":[-122.428374,37.777527]}},{"type":"Feature","id":992,"properties":{"revision":0,"category":0,"value":92},"geometry":{"type":"Point","coordinates":[-122.4216,37.778649]}},{"type":"Feature","id":993,"properties":{"revision":0,"category":1,"value":93},"geometry":{"type":"Point","coordinates":[-122.42864,37.775138]}},{"type":"Feature","id":994,"properties":{"revision":0,"category":2,"value":94},"geometry":{"type":"Point","coordinates":[-122.425579,37.776956]}},{"type":"Feature","id":995,"properties":{"revision":0,"category":3,"value":95},"geometry":{"type":"Point","coordinates":[-122.411995,37.784807]}},{"type":"Feature","id":996,"properties":{"revision":0,"category":0,"value":96},"geometry":{"type":"Point","coordinates":[-122.428823,37.775561]}},{"type":"Feature","id":997,"properties":{"revision":0,"category":1,"value":97},"geometry":{"type":"Point","coordinates":[-122.426203,37.781261]}},{"type":"Feature","id":998,"properties":{"revision":0,"category":2,"value":98},"geometry":{"type":"Point","coordinates":[-122.431061,37.777578]}},{"type":"Feature","id":999,"properties":{"revision":0,"category":3,"value":99},"geometry":{"type":"Point","coordinates":[-122.416153,37.779799]}}]}
